projectid,teacher_acctid,schoolid,school_ncesid,school_latitude,school_longitude,school_city,school_state,school_metro,school_district,school_county,school_charter,school_magnet,teacher_prefix,primary_focus_subject,primary_focus_area,secondary_focus_subject,secondary_focus_area,resource_type,poverty_level,grade_level,total_price_including_optional_support,students_reached,eligible_double_your_impact_match,date_posted,datefullyfunded
00001ccc0e81598c4bd86bacb94d7acb,96963218e74e10c3764a5cfb153e6fea,9f3f9f2c2da7edda5648ccd10554ed8c,1.70993E+11,41.807654,-87.673257,Chicago,IL,urban,Pershing Elem Network,Cook,f,f,Mrs.,Mathematics,Math & Science,Visual Arts,Music & The Arts,Supplies,highest poverty,Grades PreK-2,1498.61,31,f,4/14/13,5/2/13
0000fa3aa8f6649abab23615b546016d,2a578595fe351e7fce057e048c409b18,3432ed3d4466fac2f2ead83ab354e333,64098006751,34.296596,-119.296596,Ventura,CA,urban,Ventura Unif School District,Ventura,f,f,Mrs.,Civics & Government,History & Civics,Literature & Writing,Literacy & Language,Books,highest poverty,Grades 3-5,282.47,28,t,4/7/12,4/18/12
000134f07d4b30140d63262c871748ff,26bd60377bdbffb53a644a16c5308e82,dc8dcb501c3b2bb0b10e9c6ee2cd8afd,62271003143,34.078625,-118.257834,Los Angeles,CA,urban,Los Angeles Unif Sch Dist,Los Angeles,f,f,Ms.,Literacy,Literacy & Language,Social Sciences,History & Civics,Technology,high poverty,Grades 3-5,1012.38,56,f,1/30/12,4/15/12
0001f2d0b3827bba67cdbeaa248b832d,15d900805d9d716c051c671827109f45,8bea7e8c6e4279fca6276128db89292e,3.60009E+11,40.687286,-73.988217,Brooklyn,NY,urban,New York City Dept Of Ed,Kings (Brooklyn),f,t,Ms.,Literacy,Literacy & Language,,,Books,high poverty,Grades PreK-2,175.33,23,f,10/11/12,12/5/12
0004536db996ba697ca72c9e058bfe69,400f8b82bb0143f6a40b217a517fe311,fbdefab6fe41e12c55886c610c110753,3.60687E+11,40.793018,-73.205635,Central Islip,NY,suburban,Central Islip Union Free SD,Suffolk,f,f,Mrs.,Literacy,Literacy & Language,Literature & Writing,Literacy & Language,Technology,high poverty,Grades PreK-2,3591.11,150,f,1/8/13,3/25/13
00049ec8ca1f2d08cb13cab31b0b85ec,7149611553c700de9a6099f8a9ce598b,462a5fd93cf9fb5d41eecfd2ea860b19,2.62115E+11,42.740157,-84.525821,Lansing,MI,urban,Lansing School District,Ingham,f,f,Mrs.,Literacy,Literacy & Language,,,Other,highest poverty,Grades 3-5,475.85,15,f,11/30/12,2/26/13
0004d2fdbb571237fa53a97e7691440b,926671e209fb977bd5123145c1848ad1,1a994778027ab086dc58ec3b47f74ff0,40472002920,33.059361,-112.037727,Maricopa,AZ,rural,Maricopa Unif Sch District 20,Pinal,f,f,Ms.,Literacy,Literacy & Language,,,Supplies,high poverty,Grades 3-5,390.65,37,f,3/26/13,4/17/13
0004ee26667e751dd51384eb9f30c72e,abe4dabb7864f4c548d230cf9070e03f,8409f70bcd81bc06e4b9efca68eed8f6,62805011920,37.761958,-122.193209,Oakland,CA,urban,Oakland Unified School Dist,Alameda,f,f,Mr.,Mathematics,Math & Science,,,Books,highest poverty,Grades 9-12,3877.2,30,f,2/28/13,3/10/13
0006a31d45f8d52d217e7c5b55c11f37,3b5fada1ad0e339acc669829071320c4,c6a033f9349ea70659c1891b119680ed,2.30732E+11,44.096641,-70.191734,Lewiston,ME,urban,Lewiston Public Schools,Androscoggin,f,f,Mrs.,Other,Applied Learning,,,Technology,high poverty,Grades 3-5,838.75,25,f,8/21/13,9/13/13
0008ac907bf237a15a959244205d3ee5,92527a5ac5fe946ed1961fb2e1de8cc5,23e34f5d2e2940684269cffe35741598,62718004095,34.381832,-118.531837,Newhall,CA,suburban,Newhall School District,Los Angeles,f,f,Ms.,Mathematics,Math & Science,Literacy,Literacy & Language,Technology,highest poverty,Grades PreK-2,1477.44,24,f,10/3/12,11/3/12
0009bc936fed4728d5fd86d92ee3cec1,66b77e507a30a5fbbcb4f7631c5ccc75,af67655269d03992889a8db7fe0cf83d,60720000671,37.263773,-121.996427,Saratoga,CA,suburban,Campbell Union School District,Santa Clara,t,f,Mrs.,Social Sciences,History & Civics,Literacy,Literacy & Language,Other,low poverty,Grades 3-5,194.11,25,f,7/29/13,11/26/13
000a6dcbb21ec643daf74ed28991d29c,93e0a37fca3cd7c9c32a535673c48af4,7e28905e0126e37d9b747e92c5fcf44d,2.92685E+11,38.535275,-90.464493,Fenton,MO,suburban,Rockwood School District R6,St Louis,f,f,Mrs.,Visual Arts,Music & The Arts,,,Other,moderate poverty,Grades 3-5,714.22,25,f,6/22/13,10/17/13
000a981e6bd61c489bbebc237f7b6a0d,a886a532c21f83b0c30571208636dc0e,c995de8108ac314637e1c869f81af766,1.70993E+11,41.922711,-87.692965,Chicago,IL,urban,Fullerton Elem Network,Cook,f,f,Ms.,Visual Arts,Music & The Arts,,,Supplies,highest poverty,Grades PreK-2,523.27,700,f,1/22/13,2/28/13
000b238b8c85214d58683b13398fd058,439f1e081199a89540cbf69866cfd182,685d2471561270abe3820d947fbbe3e9,62250002760,33.773256,-118.183848,Long Beach,CA,urban,Long Beach Unified School Dist,Los Angeles,f,t,Mrs.,Health & Wellness,Health & Sports,Gym & Fitness,Health & Sports,Supplies,highest poverty,Grades PreK-2,1108.94,809,f,10/27/13,11/29/13
000b574223b4f491c7de7bccae88b51d,5003eacb7e6311d01177c275c633768a,87e515cc802d93213adfb963ef8de30e,3.60009E+11,40.813916,-73.900522,Bronx,NY,urban,New York City Dept Of Ed,Bronx,f,f,Ms.,Literacy,Literacy & Language,,,Books,highest poverty,Grades PreK-2,677.73,24,t,5/28/13,9/6/13
000bab2056ba84931f4f5bc72f542e03,10d2de84406c94967bb0f01f57ba980f,d0318b91338cd9dd6f18202eebe7c9c2,,30.013238,-81.391606,St Augustine,FL,suburban,St Johns Co School District,St Johns,f,f,Ms.,Literacy,Literacy & Language,Literature & Writing,Literacy & Language,Books,moderate poverty,Grades PreK-2,165.75,18,f,12/9/12,1/22/13
000be0b57987d6c29d650a88eac2961b,ae7b6b599922817b2e0cb9f96354297e,922a11f9ab72afebccf5b9391191e1bd,2.10249E+11,37.803213,-85.987333,Vine Grove,KY,suburban,Hardin Co School District,Hardin,f,f,Ms.,Environmental Science,Math & Science,Health & Life Science,Math & Science,Supplies,high poverty,Grades 6-8,481.18,120,f,1/26/12,5/17/12
000d3ead6b648ba31043bb6376e6342d,3dd9af5310c77541f5b65cf190cec338,8018b1c81de3aede5363afabcf32b17c,40880000882,32.228378,-110.963287,Tucson,AZ,urban,Tucson Unified School Dist,Pima,f,t,Mrs.,Literacy,Literacy & Language,,,Other,high poverty,Grades PreK-2,265.13,53,f,1/15/13,3/11/13
000e6a13fd69bf0e426403b1d5da0e99,1ad348085983de6a0f1fe6a37779f7f2,82571bc4db2e4cd846e3c50eeceeb176,62271002991,34.182137,-118.424728,Van Nuys,CA,urban,Los Angeles Unif Sch Dist,Los Angeles,f,f,Ms.,Literature & Writing,Literacy & Language,,,Books,highest poverty,Grades 3-5,296.68,30,t,1/23/12,2/20/12
000e964b1e5c911adf700736c43e8f85,27076f8d0ec597bfd5035ef84d6691b0,3870254e36f88935745384ebc06a4caf,1.30012E+11,33.752884,-84.34214,Atlanta,GA,urban,Atlanta Public Schools,De Kalb,f,f,Ms.,Literacy,Literacy & Language,Mathematics,Math & Science,Supplies,highest poverty,Grades 3-5,1098.39,39,f,12/22/12,1/12/13
000faa31e276e9e649360949207fa00c,86403b5f04ed07201cd04184ff4c0ced,c86d87fee34b13377658337fa8bf2fc5,2.93144E+11,38.367966,-92.477882,Ft Leonard Wd,MO,,Waynesville School Dist R6,Pulaski,f,f,Mrs.,Literacy,Literacy & Language,,,Technology,high poverty,Grades 3-5,632.13,25,f,12/18/12,1/6/13
0010040593d5e9699ee45834369ec817,1871e44279646e8d18fa74d29dcfc456,83b74057d63f2da28f3635efeffd61a1,1.70765E+11,40.456921,-88.137198,Paxton,IL,,Paxton-buckley-loda Cusd 10,Ford,f,f,Ms.,Literature & Writing,Literacy & Language,,,Supplies,moderate poverty,Grades 9-12,221.56,100,t,9/4/13,10/27/13
00103b0614e31016e5c4cc7d405bbc51,9e4433fb2d3078bc4dcbe2860d05ebf5,b22babfd8fbdfa6b53e4747b74da02dd,4.83585E+11,33.183766,-96.494366,Princeton,TX,,Princeton Ind School Dist,Collin,f,f,Ms.,Music,Music & The Arts,,,Supplies,highest poverty,Grades 3-5,1125.4,660,f,12/10/13,4/2/14
00105edf14ebb7f146d6ba2098639bb1,ac1ef23232ddd1597f6fa5b28a171fa5,33b6121da948b2fd67fd78f5935eb793,62619003916,34.050485,-118.020442,El Monte,CA,suburban,Mountain View School District-Los Angeles,Los Angeles,f,f,Mrs.,History & Geography,History & Civics,Special Needs,Special Needs,Technology,highest poverty,Grades PreK-2,2130.4,30,f,4/29/12,7/16/12
001096473792e89ccc83e9f6ab01871b,e21c4208e61018ed35aa2bcc392a2d40,7fdffcfd5bea8e0fc99952254a875a72,1.20087E+11,28.155807,-82.532195,Lutz,FL,suburban,Hillsborough Co Pub Sch Dist,Hillsborough,f,f,Mrs.,Literacy,Literacy & Language,,,Technology,low poverty,Grades PreK-2,715.67,17,f,11/19/13,12/19/13
00134d14226ef613134712c54211f754,5bce35e3991721b665d33095e9d3aa31,9b62c64683b7c3212f159e13eb41ff5c,1.81272E+11,39.920792,-86.142952,Indianapolis,IN,urban,Washington Township Sch Dist,Marion,f,f,Mrs.,Literature & Writing,Literacy & Language,,,Books,highest poverty,Grades PreK-2,518.22,27,f,3/31/12,7/27/12
00136585c0e4a67afaa964403cf9f45b,402cfc6b73dc62f44946bc1c381f6b1c,0793efaeba83d8b5b9d55f5772fac62d,,35.906952,-77.540756,Tarboro,NC,rural,North Carolina Dept of Ed,Edgecombe,t,f,Mrs.,Literacy,Literacy & Language,,,Books,high poverty,Grades 6-8,350.69,50,f,5/30/12,8/5/12
0013a402fb4cf84e3d60d7a59566dff8,511ec2a1372cd7b9e1af86b1b3de8bff,dbde53d7dbafbbb22ca60f36bb0019a5,62271009572,34.227558,-118.49913,North Hills,CA,urban,Los Angeles Unif Sch Dist,Los Angeles,f,f,Mr.,Other,Applied Learning,,,Technology,highest poverty,Grades 3-5,836.34,29,f,1/21/12,3/1/12
001468d419e1ee737f364013334d0c84,ca8d614f79013690baf1a8860be4b754,4157e4e610804d738f2d1a450d36dd3f,1.20018E+11,26.240857,-80.165433,Pompano Beach,FL,urban,Broward Co Public Schools,Broward,f,f,Mrs.,Health & Life Science,Math & Science,Special Needs,Special Needs,Supplies,highest poverty,Grades 3-5,281.95,60,f,8/7/12,9/19/12
0014cedcb2d697902c15081ab12deadf,b9e31d1b986c0cf802c9e13869b86cef,1d74e61c912fe4527eb57ac456bcac8a,3.60009E+11,40.837411,-73.854644,Bronx,NY,urban,New York City Dept Of Ed,Bronx,f,f,Mr.,Special Needs,Special Needs,Early Development,Applied Learning,Technology,highest poverty,Grades PreK-2,371.81,30,f,9/22/13,12/5/13
0014d10f538cd1a7d97053f4d653f1f6,f6b048bad494f33ed7b3fc538789722b,f239121ba1fe63b29b749af5dac160b6,62271003136,34.240639,-118.446426,Panorama City,CA,urban,Los Angeles Unif Sch Dist,Los Angeles,f,f,Mrs.,ESL,Literacy & Language,Literacy,Literacy & Language,Other,high poverty,Grades PreK-2,534.41,24,t,1/7/12,1/24/12
001559b336496f731ebfb8a6a73338cd,1f0cf50590c37a9793e3d3051ba7f183,be721b1c3f2182f5463e1f47478088ce,4.50363E+11,34.98888,-81.971687,Spartanburg,SC,suburban,Spartanburg School District 6,Spartanburg,f,f,Mrs.,Literature & Writing,Literacy & Language,,,Books,high poverty,Grades 3-5,248.46,23,f,12/25/13,4/11/14
00161a60318f303f71bce3e292aa547d,bca6ec517d8ead3edcc2c55321517d06,529f75765b995dca911e3daf0f28971a,1.2015E+11,26.723497,-80.059434,West Palm Bch,FL,urban,Palm Beach Co School District,Palm Beach,f,t,Mrs.,Visual Arts,Music & The Arts,Early Development,Applied Learning,Supplies,highest poverty,Grades PreK-2,266.26,18,t,5/26/12,6/8/12
001706ada83ac3f90369cdd3915d2dcf,5f4c7a2eb2656e33d3b6eca968b2e88d,c7ed5048c8d290dc10eb607b5ff3a234,90045000053,41.205996,-73.213388,Bridgeport,CT,urban,Bridgeport City Sch District,Fairfield,f,f,Mrs.,Mathematics,Math & Science,Literacy,Literacy & Language,Other,highest poverty,Grades PreK-2,300.99,24,f,3/15/12,3/29/12
00176778e93d54ed26f601f7a0af4b35,ed42221561b7b74d34dce3fe6a1aea84,eb885383099e30fbd288aa89d1f7abcd,3.90438E+11,39.735485,-84.279785,Dayton,OH,urban,Dayton Public School District,Montgomery,f,t,Ms.,Visual Arts,Music & The Arts,,,Books,highest poverty,Grades 6-8,418.55,160,f,5/24/12,6/3/12
0018ea3a6cb6c8bbd58753bdb7cb00b2,de7803620efa756469e0d1d74606535b,76cb1fc7cb6aa9059903bf411ddc27b2,40269000197,33.587409,-112.338631,El Mirage,AZ,rural,Dysart Unified School Dist 89,Maricopa,f,f,Ms.,Literacy,Literacy & Language,Early Development,Applied Learning,Supplies,highest poverty,Grades PreK-2,198.86,21,f,3/9/13,5/21/13
001964cf64fb718045116ebe6b933d22,76907330dc134fb5b17c62b4ce5ec50f,a842beac0f3380f6995670c62ee715f2,2.70624E+11,45.062137,-93.298995,Brooklyn Ctr,MN,suburban,Brooklyn Center Ind SD 286,Hennepin,f,f,Ms.,ESL,Literacy & Language,,,Other,highest poverty,Grades PreK-2,562.06,85,f,10/27/13,11/18/13
00199bf192b852aa21573c69ed14565e,b6ac98079d8abaefa5353d15d708da9a,8292243f3bf78ff903697cf2ac0fea1a,3.60008E+11,40.765168,-73.992554,New York,NY,urban,New York City Dept Of Ed,New York (Manhattan),f,f,Ms.,Literacy,Literacy & Language,,,Books,highest poverty,Grades 9-12,623.73,65,f,2/11/12,3/28/12
001a0c0faaa17ae90f18a05ba01dd4fd,caeefdb8e667c31af8b79f08b4a3d26b,dde161252564ad07a75b072f0f90705f,1.20039E+11,25.835409,-80.215416,Miami,FL,,Miami-dade Co Public Sch Dist,Miami-Dade,f,f,Ms.,Environmental Science,Math & Science,Literature & Writing,Literacy & Language,Supplies,highest poverty,Grades PreK-2,981.62,15,t,10/4/13,10/12/13
001a1744d0785d9927fb4e3adea63253,841734faf7d6e43204d1f9746b1c037e,4eb751a46198d055504c091f1cf0ece8,3.60008E+11,40.719222,-73.983253,New York,NY,urban,New York City Dept Of Ed,New York (Manhattan),f,f,Ms.,Environmental Science,Math & Science,Literature & Writing,Literacy & Language,Technology,highest poverty,Grades PreK-2,463.84,30,f,12/1/13,1/26/14
001a26ba45587f7fbefb5122bbe92595,2161ff4aeee14cd8d52c3521c081f293,27978274618ca9d2affa6861a144604a,3.6001E+11,40.706825,-73.920003,Brooklyn,NY,urban,New York City Dept Of Ed,Kings (Brooklyn),f,t,Mrs.,Literature & Writing,Literacy & Language,ESL,Literacy & Language,Supplies,highest poverty,Grades 6-8,198.34,90,f,7/5/13,7/30/13
001b72f6785934f2cacb6d6d8cb79b4e,c24786b3f7c3ed13a6543cf1ed866845,452edfdfe644dda3fa6dc846f0f469d3,4.80771E+11,29.885183,-95.496803,Houston,TX,suburban,Aldine Ind School District,Harris,f,f,Ms.,Health & Life Science,Math & Science,Literature & Writing,Literacy & Language,Other,highest poverty,Grades PreK-2,229.66,25,f,8/14/13,8/22/13
001d5055cf26a15651c3def86c6d6372,84c3f17b95688643d4f50a1f4d433ab7,3c74bf87a86cc04cfe9cdd82c5f5e485,3.60009E+11,40.885387,-73.878052,Bronx,NY,urban,New York City Dept Of Ed,Bronx,f,f,Ms.,Literacy,Literacy & Language,Performing Arts,Music & The Arts,Technology,highest poverty,Grades 6-8,504.19,280,f,1/24/12,2/1/12
001e0e01ece65e4b2c3c1d2c57f0cea8,24d7b866a900c8da8af849ee24ee19be,9502169af12fbfc1a165b763aab151ac,2.91998E+11,37.111242,-92.58316,Mansfield,MO,rural,Mansfield School District R4,Wright,f,f,Mrs.,Literacy,Literacy & Language,,,Technology,highest poverty,Grades 9-12,388.22,400,t,8/8/13,9/25/13
001e440cc12eb3bd3d2aa11723df34c2,266ea1b08f713747ed9173ef8d356f06,763c5bf8587cc4452bf959dd4bfd3ce4,4.81611E+11,29.92222,-95.559821,Houston,TX,suburban,Cypress-fairbanks Ind Sch Dist,Harris,f,f,Mrs.,ESL,Literacy & Language,Literature & Writing,Literacy & Language,Technology,high poverty,Grades PreK-2,1482.33,50,f,9/6/13,10/20/13
001ef450c2dd65ca03b1d16cb3a88154,789dce6ea0c219d6fdbd6dd972e97956,32ca6d5626cfa5ffac49ae8e2eb78b35,5.40162E+11,39.232084,-81.533935,Parkersburg,WV,urban,Wood Co School District,Wood,f,f,Ms.,Character Education,Applied Learning,Environmental Science,Math & Science,Other,highest poverty,Grades 3-5,687.73,250,f,11/9/12,11/15/12
001f43adc5c656fa6e39b2f09afa72dd,28ccae6b84276c2d8d41130981d579b8,2e60ec56fc6b5eb963ae24b0a431cfd6,5.30771E+11,47.713413,-122.3144,Seattle,WA,urban,Seattle School District 1,King,f,f,Mrs.,Early Development,Applied Learning,Special Needs,Special Needs,Supplies,high poverty,Grades PreK-2,528.38,24,f,7/15/12,7/23/12
001f780694807f8c9d7e1748491166f5,159a890d6a756620e3be7798b4a03019,44baa6dbc2f62d765f7313d55f1e9e23,4.70237E+11,36.225002,-86.285944,Lebanon,TN,,Lebanon Special School Dist,Wilson,f,f,Mrs.,Literacy,Literacy & Language,,,Other,highest poverty,Grades PreK-2,595.34,45,f,10/22/12,11/14/12
0021d9d42fb63977604423ebf9c63f8a,4c14556670c6c602a862be381c32ea10,bef4df0b622c13aa6b716ec0886a4f4e,4.84122E+11,29.982979,-95.481216,Houston,TX,suburban,Spring Ind School District,Harris,f,f,Mrs.,Mathematics,Math & Science,,,Technology,highest poverty,Grades 3-5,849.44,38,f,11/21/12,3/16/13
0021de21e1625371113d22f97c8c2acf,f2e88c4933ab9847d7981e57ba063ef9,c897163b8cc716a01596f8c93728dd5c,4.01356E+11,35.879993,-97.422396,Guthrie,OK,,Guthrie School District I-01,Logan,f,f,Mrs.,Literacy,Literacy & Language,Literature & Writing,Literacy & Language,Books,highest poverty,Grades PreK-2,912.14,70,f,9/20/13,12/6/13
00224ec566ee6c3cd12d0969b5b2c784,8ba87429a03ca3730eda069bc2d7883f,a4114506f9491fc0ce6d2d93b1fa963b,4.82364E+11,29.637698,-95.332997,Houston,TX,urban,Houston Ind School District,Harris,f,f,Ms.,Performing Arts,Music & The Arts,,,Technology,high poverty,Grades 6-8,467.33,60,f,10/29/12,2/24/13
00234331fb068ced6c084da0e11cd439,dc7a06eab77831674de2170c141bfd3d,22429fcb84b992caa8b1702270ff96d6,61806002233,33.71435,-118.000241,Huntingtn Bch,CA,suburban,Huntington Beach Union Hs Dist,Orange,f,t,Mr.,Visual Arts,Music & The Arts,,,Supplies,high poverty,Grades 9-12,354.82,200,t,9/2/12,9/20/12
00239094b2720ccbd7a456a3c962f03b,3eefa78da686c025a241eb19c7c5023a,b681ca2b7e6e4772b8cd0aa608e68945,1.80375E+11,39.668243,-86.050568,Indianapolis,IN,urban,Franklin Twp Cmty School Corp,Marion,f,f,Mrs.,Literacy,Literacy & Language,,,Supplies,moderate poverty,Grades 3-5,576.08,100,f,5/19/12,8/22/12
0023f4e20e9ac0d53d7f1436d5711c5b,fc84d4b8fb44b111c70b5e6352954a5c,3bb38aff317446b5a1fe430f4869082c,62271003096,34.028926,-118.170915,Los Angeles,CA,suburban,Los Angeles Unif Sch Dist,Los Angeles,f,t,Mrs.,Nutrition,Health & Sports,Health & Wellness,Health & Sports,Books,highest poverty,Grades PreK-2,602.56,22,t,2/1/12,3/24/12
00243492f5f339f1b7a838e983a096f2,8047d9efac8fa7ee21506a54a532acd2,bc03d1c7af31cdc09ac00e13406ef5bc,,38.920322,-77.030617,Washington,DC,urban,[State run],District Of Columbia,t,f,Ms.,Literature & Writing,Literacy & Language,Literacy,Literacy & Language,Books,high poverty,Grades 3-5,470.06,25,f,7/28/12,9/17/12
002463e8ba969ea758cc7eadd5f960e5,02bae5b07a7a8d30aa95be9adc84d90c,2a05da4237279cb8f7bcc860f25e9fc9,1.20156E+11,27.891302,-82.779111,Largo,FL,suburban,Pinellas Co School District,Pinellas,f,f,Mrs.,Literature & Writing,Literacy & Language,Parent Involvement,Applied Learning,Books,high poverty,Grades PreK-2,612.76,35,f,4/28/13,8/13/13
0024d5a2652ebf199fc0cfaf7898cfaf,ccd576f82a5578bef3bf276ea819d214,d0f9173ad132f22e60aadbe92b43260f,1.80216E+11,40.251834,-86.590537,Frankfort,IN,rural,Clinton Prairie Sch Corp,Clinton,f,f,Mrs.,Visual Arts,Music & The Arts,,,Supplies,moderate poverty,Grades 9-12,446.53,24,f,4/14/13,5/5/13
0024decf6a1c35c3ebf923f06ac4b580,464b9e5814a42b0d670a3ed05fca0cc0,8542596881b68ac6ad3e09da721a3114,90291000615,41.412549,-73.272388,Sandy Hook,CT,,Newtown Public Schools,Fairfield,f,f,Ms.,Gym & Fitness,Health & Sports,,,Other,low poverty,Grades 9-12,1965.62,999,f,5/25/13,7/8/13
0024f9ac77374c0aac865543bb78eb46,4e1068729138de4b31a3eb253dbf7be8,0e53b92e4bb4a1cf48ba536343ed43bf,2.40021E+11,39.534145,-76.99295,Westminster,MD,suburban,Carroll Co Public School Dist,Carroll,f,f,Ms.,Literature & Writing,Literacy & Language,Mathematics,Math & Science,Supplies,high poverty,Grades 3-5,482.56,26,f,1/16/12,2/25/12
00250a8ddc3f0223ac383aeeaa48c2f1,f3e2eb3fcbd5ae8be5af0d618aa546cb,086359cc8e66d4b762945dd54a27e6c3,62271003414,34.048994,-118.224114,Los Angeles,CA,urban,Los Angeles Unif Sch Dist,Los Angeles,f,f,Ms.,Literacy,Literacy & Language,Applied Sciences,Math & Science,Technology,moderate poverty,Grades 3-5,462.72,22,f,2/10/12,6/3/12
00253700795d0d57143478a8f8f862f5,9b75ca8fe1c4dad8766fe1f23dc39074,3e5eb787a7bc67f55f9051bef226862c,,36.789982,-119.754395,Fresno,CA,,Fresno Unified School Dist,Fresno,t,f,Mrs.,Performing Arts,Music & The Arts,Health & Life Science,Math & Science,Supplies,highest poverty,Grades PreK-2,193.52,21,f,12/26/13,1/20/14
00253a9de723379d8b86d5b08b7d46ff,f6e49c926016f27a5e75d4229125b660,096411dd0bd5fa35980e0382f8cb5f3d,2.80408E+11,31.148111,-90.462524,Magnolia,MS,rural,South Pike School District,Pike,f,f,Ms.,Applied Sciences,Math & Science,,,Technology,highest poverty,Grades 6-8,796.14,130,f,1/13/12,3/31/12
0025dcd9473e448c7c52dc76dfd763da,f552e963391a51e6978e6f27630efed6,c8ae7da1477687cc290ce2002dd210b7,1.6003E+11,43.527905,-114.318382,Hailey,ID,,Blaine Co School District 61,Blaine,f,f,Mrs.,Other,Applied Learning,,,Technology,high poverty,Grades 6-8,427.51,500,f,2/11/13,4/1/13
0025f4976d7bb2553da632ab9a3eaddc,37e12595d2a7ec2f9d5ed3c0e005c9b5,0828129f399cc91aa92d9699a9d4bfd6,2.50774E+11,42.73296,-71.174332,Methuen,MA,suburban,Methuen School District,Essex,f,f,Mrs.,Visual Arts,Music & The Arts,,,Supplies,moderate poverty,Grades PreK-2,379,26,t,8/28/13,10/21/13
0026fd67bd93e560539ca25e1c4b62f3,49cf8bbfd93cd28c90bd7821eb04ed2d,a7596f4c1d5d080489c313f474c28ccd,60000608775,37.990673,-122.575516,San Anselmo,CA,suburban,Ross Valley School District,Marin,f,f,Ms.,College & Career Prep,Applied Learning,,,Technology,low poverty,Grades 3-5,1090.78,25,f,12/19/12,2/1/13
0026fdd6a97306327adca29eabe06e02,f69def8953a098c588365334e56559cd,3e9487953d3d2b88e56b651f529155c8,62271003250,33.933727,-118.252754,Los Angeles,CA,urban,Los Angeles Unif Sch Dist,Los Angeles,f,f,Ms.,Special Needs,Special Needs,Literature & Writing,Literacy & Language,Supplies,highest poverty,Grades PreK-2,381.56,32,t,10/12/12,11/18/12
0027d01884077d234bb3ccc00768518e,7ec7a7efa8b0eb26efa20747a57e52a7,11f47830977df46ce2b4b394f1143f52,2.40051E+11,38.795158,-76.928462,Temple Hills,MD,suburban,Prince Georges Co School Dist,Prince Georges,f,f,Ms.,Literature & Writing,Literacy & Language,College & Career Prep,Applied Learning,Books,high poverty,Grades 9-12,295.47,86,f,2/5/13,3/7/13
0027e1923d1ea12fccb705e50db911dc,aa6d82b9548089e24cfaa2372ce7be73,21384509b2e6cf061cf59b2c9dd30188,3.60005E+11,40.822632,-73.921303,Bronx,NY,urban,Charter School District,Bronx,t,f,Ms.,Character Education,Applied Learning,Community Service,Applied Learning,Technology,highest poverty,Grades 6-8,1904.96,200,t,5/2/12,5/26/12
00284c0318289c772e79a4e70829d48d,8f84968f8bcba0b3bdd8bce5cea3866f,c68047a5ed08b638e4eef7cb3738cc16,3.60012E+11,40.679468,-73.831459,S Ozone Park,NY,urban,New York City Dept Of Ed,Queens,f,f,Ms.,Performing Arts,Music & The Arts,Visual Arts,Music & The Arts,Supplies,highest poverty,Grades 3-5,348.39,999,t,12/4/13,1/8/14
0029ee86c96328ba7c95f36056e1a3d9,232b0266b84e6b44e44163f5885f501b,7671ace117f24abcb024b1adee34d963,1.20081E+11,28.495637,-82.553562,Spring Hill,FL,,Hernando Co School District,Hernando,f,f,Mrs.,Mathematics,Math & Science,,,Other,highest poverty,Grades 3-5,409.55,75,f,7/1/12,7/13/12
002a7cdfad2be316683a7677d9f9e26f,5ebe4b25b47ab053f97703c952431ba8,e3011cbbca298376938aac459fcecba3,5.3027E+11,45.629585,-122.510017,Vancouver,WA,urban,Evergreen School District 114,Clark,f,f,Mrs.,Literacy,Literacy & Language,,,Books,high poverty,Grades PreK-2,202.72,22,f,9/12/13,9/21/13
002c4840fae954ad40b0a79a87ee7e99,87bd8dcd9874dd380443652ac4bb347e,cf09a33eab00f5f33d248a31aaeb1eb7,4.83432E+11,29.607401,-95.24054,Houston,TX,urban,Pasadena Ind School District,Harris,f,f,Ms.,Other,Applied Learning,Mathematics,Math & Science,Supplies,moderate poverty,Grades 3-5,392.33,23,f,8/14/13,11/30/13
002c9243b1fca34073e042bd5db94cce,f892023820dbae36bb2dd918bc3397e1,9549f176f283382cdc80db58b6ac2645,1.70993E+11,41.80772,-87.665963,Chicago,IL,urban,Pershing Elem Network,Cook,f,f,Ms.,ESL,Literacy & Language,Literacy,Literacy & Language,Technology,highest poverty,Grades PreK-2,738.25,30,t,11/18/12,2/17/13
002e341587b92b8963dd7b97cfdf7129,078eb1f0b4259422445ff111020b8fdb,763f31464775fa3c620d1335703758fe,62271003099,33.980509,-118.327113,Los Angeles,CA,urban,Los Angeles Unif Sch Dist,Los Angeles,f,f,Mr.,Applied Sciences,Math & Science,,,Technology,highest poverty,Grades 3-5,353.42,20,t,5/9/12,6/17/12
002f926c33d27d1a5e917186b786335d,3132fa6d98eb5cb75ad254bf585ef525,f7ac260413f96dd655ee2349664a11d3,1.90897E+11,41.549076,-93.590607,Des Moines,IA,urban,Des Moines Public School Dist,Polk,f,f,Mrs.,Literacy,Literacy & Language,Literature & Writing,Literacy & Language,Books,highest poverty,Grades PreK-2,737.58,24,f,3/26/12,4/6/12
003022e324612492637e018d101cf609,2d9ce0896389c42be02c29d21db8ed74,00472feaa8e314f8a38f2071306625a5,61899002302,38.053501,-122.22113,Crockett,CA,suburban,John Swett Unified Sch Dist,Contra Costa,f,f,Ms.,Literature & Writing,Literacy & Language,,,Books,high poverty,Grades 9-12,359.78,452,f,11/9/12,11/27/12
00304e8334b14616f7d87cb5c31258d8,a275756b50b2b63421bbb0501f2246a3,7ab7fdaef536c38a4258c841273fa0c8,20018000229,61.426918,-149.427318,Chugiak,AK,,Anchorage School District,Anchorage,f,f,Mr.,Civics & Government,History & Civics,Character Education,Applied Learning,Technology,moderate poverty,Grades 6-8,633.62,125,f,10/12/13,11/25/13
00321abc12fc2f20418e4c1b49974526,61ea458cc6f13d3f72984208634f88f6,a9e7688613117f1190a1e4ab6ec3405b,1.20129E+11,27.147154,-80.207443,Stuart,FL,suburban,Martin Co School District,Martin,f,f,Mrs.,Environmental Science,Math & Science,Applied Sciences,Math & Science,Supplies,highest poverty,Grades PreK-2,402.99,18,t,2/7/13,3/17/13
003257df1a85fa0f0fefdb0fd6e55237,102d08d708760d1c3ead4829d582d947,299df718d24e62a891fb37f6c8f75e1a,2.612E+11,42.309544,-83.116264,Detroit,MI,urban,Detroit Public School District,Wayne,f,f,Ms.,Environmental Science,Math & Science,Literature & Writing,Literacy & Language,Supplies,highest poverty,Grades PreK-2,567.52,30,f,5/20/12,6/18/12
0032cc05143e4814a8a44ff6fde1c177,2d06b0e3dfbc2e3d09914bfd5c551b69,345578a099773f78c6c8c9f4ba5df767,,41.903506,-87.655826,Chicago Hts,IL,,Illinois Dept of Education,Cook,f,f,Mrs.,Special Needs,Special Needs,Literacy,Literacy & Language,Technology,low poverty,Grades PreK-2,928.2,13,f,8/29/13,12/2/13
003351e3c84dd5e978870abc892db808,4ab6b156224a6a03782e355023bb3899,8c2627d25f262b08d238394c7f126a0f,3.6001E+11,40.674608,-73.960348,Brooklyn,NY,urban,New York City Dept Of Ed,Kings (Brooklyn),f,f,Mr.,Literature & Writing,Literacy & Language,Early Development,Applied Learning,Supplies,highest poverty,Grades PreK-2,165.41,24,f,2/11/13,3/5/13
003391f1641d2d44073fb8d540d5bc36,e4e8e7269703d634b32e1bf92f10309a,8aac44b1459a272bc71f0818e82245a6,3.60009E+11,40.668784,-73.983102,Brooklyn,NY,urban,New York City Dept Of Ed,Kings (Brooklyn),f,f,Ms.,Other,Applied Learning,Special Needs,Special Needs,Other,moderate poverty,Grades PreK-2,543.52,23,f,1/12/13,2/5/13
0033b4ae229b16e395a99c1d5830b8fb,643f566866955b4c6d5b66f2f5c82b9d,80319733a3d2fa3016ce85be6941c420,2.40009E+11,39.348449,-76.568368,Baltimore,MD,urban,Baltimore City Public Sch Dist,Baltimore City,f,f,Mrs.,Environmental Science,Math & Science,Early Development,Applied Learning,Supplies,highest poverty,Grades PreK-2,538.45,14,f,10/8/12,11/15/12
0033e3cc5b8875225aec8db1d66abbc6,2894ba432dd9ae5d292b95f47aae58ea,dcefe1263666d70c66702aab62edee48,2.71809E+11,43.944368,-91.859795,Lewiston,MN,rural,Lewiston-Altura Isd 857,Winona,f,t,Mrs.,Special Needs,Special Needs,,,Technology,moderate poverty,Grades 9-12,527.05,15,f,11/19/12,2/11/13
0033e7171e60ee7300ca31c4d0c9670a,30f5c572c684063f9b7d39b99f1ca0ce,5633bc42dd5c7ce1be8bc7416755ff4e,5.50591E+11,42.939915,-88.002133,Greendale,WI,suburban,Greendale School District,Milwaukee,f,f,Mrs.,Literature & Writing,Literacy & Language,Literacy,Literacy & Language,Supplies,moderate poverty,Grades PreK-2,722.94,50,f,8/13/13,9/7/13
003440b38d18052489c78b60256e8257,ce351e54227d6835cc3a6282d35286ae,8df502f39a7cf8015293f0c131632c74,4.8197E+11,32.677032,-97.27494,Fort Worth,TX,urban,Ft Worth Ind School District,Tarrant,f,f,Ms.,Mathematics,Math & Science,,,Supplies,highest poverty,Grades 3-5,531.34,65,f,7/7/13,8/26/13
003490594f8f66a4e899255546903975,15c0234abebf8f08a0a967e4f23114fc,7a7de6a9f742761694a183c0ca12ecdc,61524001919,34.180258,-118.285644,Glendale,CA,urban,Glendale Unified School Dist,Los Angeles,f,f,Mrs.,Social Sciences,History & Civics,Performing Arts,Music & The Arts,Other,high poverty,Grades PreK-2,684.87,24,t,11/26/13,12/29/13
0035903dc05abc095cb4663a5fc9ac53,1e7d32afe4de38aeba1f0e85cb5969f3,07a78f855407d99dc2c878f5670799f1,63441005605,37.718807,-122.407024,San Francisco,CA,urban,San Francisco Unified Sch Dist,San Francisco,f,f,Ms.,Environmental Science,Math & Science,Applied Sciences,Math & Science,Books,highest poverty,Grades PreK-2,332.95,22,t,2/6/12,3/13/12
00369f72679af379e8deca33fe54bb57,839948ed95389e4b731ced923d04e554,048e378cd35898d38f2549266ded10d4,1.20087E+11,27.958338,-82.450081,Tampa,FL,urban,Hillsborough Co Pub Sch Dist,Hillsborough,f,f,Mrs.,Music,Music & The Arts,,,Other,highest poverty,Grades 3-5,512.93,100,t,9/13/13,9/21/13
003738e779d3195c8bc3286a60551b7a,7d2c3d0f553df63d8def6768479e7d94,5f5c24c4dffca40525ed198df720590b,62513003743,37.623329,-121.012901,Modesto,CA,urban,Modesto City School District,Stanislaus,f,f,Ms.,Health & Wellness,Health & Sports,Nutrition,Health & Sports,Other,highest poverty,Grades PreK-2,1040.08,122,f,2/16/13,4/25/13
00377c2e78f1aa128fc1a509ed7b9213,442cff1ac9ba42e5dfcbbe3d924f4c07,f2e2d501f9ee2a961d1485e02019d148,5.5096E+11,43.125865,-87.955918,Milwaukee,WI,urban,Milwaukee Public Schools,Milwaukee,f,f,Ms.,Literacy,Literacy & Language,,,Technology,highest poverty,Grades PreK-2,536.02,18,f,1/20/12,5/1/12
0037a83fbc387714001b78223b375f3e,445ffce7f052ad97f891170fefd3da3a,692f061b36b546140b69e0b1f645a490,2.61425E+11,42.783768,-83.713661,Fenton,MI,suburban,Fenton Area Public School Dist,Genesee,f,f,Mrs.,Health & Wellness,Health & Sports,Nutrition,Health & Sports,Technology,moderate poverty,Grades PreK-2,745.46,26,f,11/30/13,12/7/13
0037d09563b60547ae9fe420f1d36ab9,97ee04ac9f90de9f4c1ee67ec9bb9eb0,13e14dc181c7067504f8d003e41bb3a6,4.02025E+11,35.355257,-97.547462,Oklahoma City,OK,urban,Moore School District I-2,Cleveland,f,f,Mrs.,Mathematics,Math & Science,,,Technology,moderate poverty,Grades 6-8,1081.39,104,t,9/17/13,11/23/13
0037fd4f8a4e746bbf2c73d78764bf93,edc08fd377a1e0600736a2d0ede61807,607ae9c77d36afe599a8b4e5ef0f2525,4.82406E+11,32.826298,-97.169121,Hurst,TX,suburban,Hurst-euless-bedford Isd,Tarrant,f,f,Mrs.,Applied Sciences,Math & Science,,,Supplies,highest poverty,Grades 3-5,524.64,76,f,11/4/13,12/13/13
00396f0beb2f0447b1640194e8a4eaca,a88a5b9f57c009b319374365808cc949,26e006364791a388a9048ac3ac3c1cb7,3.60017E+11,40.815417,-73.885571,Bronx,NY,urban,New York City Dept Of Ed,Bronx,t,f,Ms.,Social Sciences,History & Civics,Performing Arts,Music & The Arts,Other,highest poverty,Grades PreK-2,794,25,f,4/5/13,4/19/13
0039a49bcf411790371b954ca615b223,937e41c92c2f1777ed9a6c4a26357c98,b558ae0bed10fa1fd3123fb631dfd04c,3.20006E+11,36.194904,-115.068054,Las Vegas,NV,suburban,Clark Co School District,Clark,f,t,Ms.,Literature & Writing,Literacy & Language,Mathematics,Math & Science,Technology,high poverty,Grades PreK-2,725.68,20,t,9/19/12,11/6/12
0039a7c50d378bc1df9bb5fa6779c1da,087018e4e40977f7d6264e8e37ebb581,9d4f17908e117f6ff086f5f7b1bbddad,,29.989125,-90.074828,New Orleans,LA,urban,New Orleans Recovery School District,Orleans,t,f,Mrs.,Literature & Writing,Literacy & Language,,,Other,highest poverty,Grades 3-5,960.33,30,f,11/13/13,1/21/14
0039d0234d7b5abe53cb0863b9fae051,267cab2558e140fd8bdbe9746fb93c7b,21349745ba805cf7aa0557cf76f4ebc0,3.9047E+11,39.907247,-82.877418,Columbus,OH,urban,Groveport Madison Local SD,Franklin,f,f,Ms.,Other,Applied Learning,Early Development,Applied Learning,Supplies,highest poverty,Grades PreK-2,595.34,30,t,7/22/12,9/14/12
003a0f03bd7f9114bf5b7357fc141277,7e57086c76d5d4d89b274187ba3c5fd1,0b8bab6250d3edf9cb81f7a278d09148,62271003287,34.262321,-118.479935,Granada Hills,CA,urban,Los Angeles Unif Sch Dist,Los Angeles,f,t,Mrs.,Health & Life Science,Math & Science,,,Supplies,high poverty,Grades 6-8,423.8,75,f,1/15/12,3/3/12
003abc152c326311563e00409492872f,e003af936591e236811c7eaa0f866777,91422b44563cf270d6aadd822ecad001,1.20015E+11,28.3262,-80.742526,Rockledge,FL,suburban,Brevard Co School District,Brevard,f,f,Mrs.,Special Needs,Special Needs,Mathematics,Math & Science,Technology,moderate poverty,Grades 6-8,646.46,84,f,5/14/13,6/23/13
003ad75c9109cf719d9f7b6597fbb06e,a47c13d22132614755a8a87d87d384cd,347851b2350202f74dce8b921da590ca,,33.921778,-118.308974,Los Angeles,CA,,Los Angeles Unif Sch Dist,Los Angeles,t,f,Ms.,Mathematics,Math & Science,,,Technology,high poverty,Grades 6-8,278,200,t,8/15/12,8/27/12
003b40b2b04b8cdba327040384915751,d3c966c8b682b9383ae0b5193dbd750d,14706d144d0828ea472a5456d2038216,63324005027,38.653698,-121.432632,Sacramento,CA,urban,Robla Elem School District,Sacramento,f,f,Mrs.,ESL,Literacy & Language,,,Technology,highest poverty,Grades PreK-2,830.46,120,f,10/26/13,11/7/13
003b80cf3bba737666220fbdfc7f2e69,6b11325ba1ebbc8821cfb3fd3d5ea2da,0fa328f0b57d27cb158fd2d557ec762b,3.1759E+11,41.206276,-96.057297,Omaha,NE,suburban,Ralston School District 54,Douglas,f,f,Mrs.,Literature & Writing,Literacy & Language,,,Books,high poverty,Grades 6-8,407.12,19,t,8/8/13,9/25/13
003bd1196a8cf19469949a078b120dfa,7a28be2c91e0c79dcf96819689d877c3,9866e22ca7518576664516ebf8562254,2.20009E+11,30.324453,-90.977517,Prairieville,LA,suburban,Ascension Parish School Dist,Ascension,f,f,Mrs.,Gym & Fitness,Health & Sports,,,Other,moderate poverty,Grades 3-5,669.6,800,f,9/21/13,1/2/14
003c5a16c0987bd27a18f53d9ebdfe29,83cac3facd566ce3d3481e7410401fdc,5f79e9b1a72253e4c67f00c33db46541,4.82034E+11,32.927998,-96.675941,Garland,TX,suburban,Garland Ind School District,Dallas,f,f,Ms.,Literacy,Literacy & Language,Mathematics,Math & Science,Technology,highest poverty,Grades PreK-2,462.76,15,f,11/22/13,2/12/14
003c5b47582d21e87508d8fd4b988930,61769bcd43b59591235150e75a0cc4bd,472f3e72b7607a0a982015e784032e85,4.82364E+11,29.687581,-95.431898,Houston,TX,urban,Houston Ind School District,Harris,f,t,Ms.,Literacy,Literacy & Language,Literature & Writing,Literacy & Language,Technology,high poverty,Grades 3-5,1004.2,50,f,11/5/12,2/14/13
003c8e6298ab7288dfea58b6ff1a2b53,46f42208e4a48170d6ffd843de2be482,8ad3e434f608864a03be1ed47750d1ca,1.20087E+11,27.996515,-82.548799,Tampa,FL,suburban,Hillsborough Co Pub Sch Dist,Hillsborough,t,f,Mrs.,Environmental Science,Math & Science,,,Other,moderate poverty,Grades 3-5,1009.88,44,t,11/30/12,3/6/13
003d3562242b7e73640af426d28016bb,21a51609e77447b0a334778325950d2f,be3943d41825abc20f83abe7be758b65,60912005748,36.199399,-120.100601,Huron,CA,,Coalinga-Huron Joint Unif Sd,Fresno,f,f,Mrs.,Environmental Science,Math & Science,,,Supplies,highest poverty,Grades 6-8,424.65,27,t,2/3/12,2/20/12
003ddb6727c2a6b3a7fca419842308b0,96537ed537e9685f60434bab2577c6c4,d1245bd71694ce35b69118480d510f08,2.91635E+11,37.091068,-94.524133,Joplin,MO,urban,Joplin Schools,Jasper,f,f,Ms.,Health & Wellness,Health & Sports,Gym & Fitness,Health & Sports,Technology,highest poverty,Grades 6-8,918.95,530,t,5/15/12,7/10/12
003e109cfadd07dfba1eda6954de372e,ef4814dcd6f57e8a43f294754a0ad116,94358e5e7c95f7e525d644247f69c723,,33.978065,-118.234314,Huntington Pk,CA,suburban,California Dept of Education,Los Angeles,t,f,Mr.,Literacy,Literacy & Language,Mathematics,Math & Science,Technology,high poverty,Grades 3-5,830.46,28,f,10/30/13,12/25/13
003e56d4a30a7a0bfeecfda4bf2e9415,27a825b3f0cc77315af7e86fed45215f,65dab3524ff180c1e776edfd7c188770,4.01035E+11,34.026295,-96.369933,Durant,OK,,Durant School District I-72,Bryan,f,f,Mrs.,Literature & Writing,Literacy & Language,Literacy,Literacy & Language,Books,highest poverty,Grades 9-12,298.61,250,f,10/17/13,1/6/14
003fd0fe661d0b761639f0d52919c400,98c8aded6e134c020ce7f83c62d98a5a,16c9e8b14e7e8b4bd29099cb29634e07,2.40009E+11,39.3647,-76.591553,Baltimore,MD,urban,Baltimore City Public Sch Dist,Baltimore City,f,f,Ms.,Literacy,Literacy & Language,Mathematics,Math & Science,Technology,highest poverty,Grades PreK-2,976.92,30,t,7/10/13,9/17/13
00403bd06a6ec814a542673ae62507ac,96828af3315753c6afde4230048b1616,45c323e7d4ee74fc69add1cdde8e5e64,3.60008E+11,40.795059,-73.973346,New York,NY,urban,New York City Dept Of Ed,New York (Manhattan),f,f,Ms.,Literature & Writing,Literacy & Language,Character Education,Applied Learning,Supplies,highest poverty,Grades 6-8,340.15,70,f,1/19/13,2/17/13
0040f19ff0486b4c4a23542a6ab6820c,ac760472e1c2cc78723588f49cc0526b,483fd8e4eccaf4f46eac430f863c3315,63186008946,37.462179,-122.134484,E Palo Alto,CA,suburban,Ravenswood City Elem Sch Dist,San Mateo,f,f,Ms.,Literacy,Literacy & Language,Mathematics,Math & Science,Technology,highest poverty,Grades 3-5,896.54,24,f,8/13/13,8/29/13
004192554c05a6b6089be4504d4ca36f,2f49276c09b35e5e5dab9f5d54378af8,073094545a78073799c64ce39b764272,62121008718,33.882473,-118.355012,Lawndale,CA,suburban,Los Angeles Co Office of Ed,Los Angeles,t,f,Mr.,Environmental Science,Math & Science,,,Supplies,highest poverty,Grades 9-12,697.51,140,t,3/9/12,4/2/12
0042038709f10338dcccdfa92018df13,4771f6b65c60845859c4bea41bb8e270,13bd13aa8770bb79ec3ba1d4ad670703,62271003241,33.888748,-118.316475,Gardena,CA,urban,Los Angeles Unif Sch Dist,Los Angeles,f,f,Mrs.,Visual Arts,Music & The Arts,Social Sciences,History & Civics,Supplies,high poverty,Grades 3-5,608.14,90,t,2/1/12,5/8/12
00421922f0441ca75d1ce005d7ff0964,3cedb1cf6ada7d0616d382948dd58e25,007d14106eaf000a8a7fda9267dafc57,62805004276,37.823277,-122.274277,Oakland,CA,urban,Oakland Unified School Dist,Alameda,f,f,Mr.,Literacy,Literacy & Language,,,Books,highest poverty,Grades PreK-2,1021.54,75,f,2/12/12,3/9/12
00429fa71839b9bce48591a1d02b58ca,f8f3ae08d3688b67acbdfadf47486956,10e18cbbb893d5ea695dce8b7dbff552,1.20087E+11,27.988885,-82.434614,Tampa,FL,urban,Hillsborough Co Pub Sch Dist,Hillsborough,f,t,Ms.,Applied Sciences,Math & Science,Literature & Writing,Literacy & Language,Books,highest poverty,Grades 9-12,502.58,50,t,9/7/13,9/12/13
00433be1fba8e663d5d1f45d4ce25d0b,f19717f6473da65922ab0f74f43abed7,6650c28d7b45b4d3dc784f8e82ec9cba,40593001378,33.634911,-111.94931,Scottsdale,AZ,urban,Paradise Valley Unif SD 69,Maricopa,f,f,Ms.,Literature & Writing,Literacy & Language,Literacy,Literacy & Language,Books,moderate poverty,Grades 3-5,230.87,27,t,7/10/13,9/2/13
004371c61d1884a6818888e27b0582b6,972d3d15470917d447541d4133ab5f05,02198665969d34156821ae37c554c474,4.703E+11,35.536879,-84.353906,Madisonville,TN,,Monroe Co School District,Monroe,f,f,Mrs.,Environmental Science,Math & Science,Community Service,Applied Learning,Trips,highest poverty,Grades 3-5,884.98,75,t,1/23/13,2/14/13
0043db815b94b0644a933ddc375d3cc1,53d8c5de37f7c2d640b3bd29a20de5e2,23b21e445b4c63e245192dd78168e9f5,62922004507,34.205628,-119.166505,Oxnard,CA,urban,Oxnard Elem School District,Ventura,f,f,Mrs.,Special Needs,Special Needs,,,Technology,highest poverty,Grades PreK-2,614.33,11,f,5/11/13,7/19/13
0044bbf5de479dc584a0e7ff3c6ddbc7,62ee1ef3741c2adb9167f1541d1ce0d5,4e65a2439a8e539803acc11cf4656105,3.70126E+11,35.923095,-78.961092,Durham,NC,urban,Durham Public School District,Durham,f,f,Ms.,History & Geography,History & Civics,Literacy,Literacy & Language,Books,high poverty,Grades 9-12,387.31,75,f,1/8/13,3/2/13
0046138bdc070263ad65b9ff38146862,e7dbcca3e6456528871fb24f34873c5f,0fed06d1922bd537f84f3d78629de7cb,1.10003E+11,38.840233,-77.000735,Washington,DC,urban,Dc Public Schools,District Of Columbia,f,f,Mr.,Community Service,Applied Learning,Foreign Languages,Literacy & Language,Trips,highest poverty,Grades 9-12,32437.67,10,f,12/2/13,3/12/14
0046db875ce40ee497bb3b62e3932d8e,f19b22d10e0f61a0e117e3b75890f8c4,20fc20ec29985efc870deb2083706faf,3.61413E+11,40.70334,-73.620467,Hempstead,NY,suburban,Hempstead Union Free Sd,Nassau,f,f,Ms.,Special Needs,Special Needs,Literature & Writing,Literacy & Language,Technology,high poverty,Grades 6-8,568.75,95,f,5/14/12,6/13/12
0046f523e55630935eaf4e02e6e9647a,02b981bd44f023fe6aebef35b052dbe6,21384509b2e6cf061cf59b2c9dd30188,3.60005E+11,40.822632,-73.921303,Bronx,NY,urban,Charter School District,Bronx,t,f,Mr.,Literacy,Literacy & Language,,,Books,highest poverty,Grades 6-8,746.74,68,t,9/9/13,10/23/13
004745ba7add3bb61543bd95062c1aa8,52ccb2bd974d29a3f508a515f52b2bdb,a07bfecd7530bae0699af550eff354da,80480000790,39.82095,-105.063751,Arvada,CO,suburban,Jefferson Co School Dist R-1,Jefferson,f,f,Mrs.,Literacy,Literacy & Language,Literature & Writing,Literacy & Language,Books,highest poverty,Grades PreK-2,389.46,20,t,10/19/12,11/20/12
004833d939550fcdd69bc61a202bc586,8b66f56f9ffe841613ad9aae21de1bc1,65620e153782109e66fe22c7c8751986,1.20156E+11,27.764845,-82.690292,St Petersburg,FL,urban,Pinellas Co School District,Pinellas,f,f,Ms.,Literacy,Literacy & Language,,,Supplies,highest poverty,Grades PreK-2,254.58,18,f,9/30/12,11/21/12
00484c55416ef238bbcf0c78bd5a1aff,346848b75929a81d5383bf0f5d4d97b9,4bbad5d972d4f2b0f796781001ec02b7,1.20018E+11,26.267247,-80.263579,Coral Springs,FL,suburban,Broward Co Public Schools,Broward,f,f,Mrs.,Literature & Writing,Literacy & Language,History & Geography,History & Civics,Technology,high poverty,Grades 3-5,1018.45,60,f,10/8/12,1/7/13
0048ba5c1c910f76987abbf5705ec197,8a4fd284bd03744922b28d27f23dc7b4,d9443ad0537b5ee430f6440297b21717,2.00795E+11,39.109663,-94.667559,Kansas City,KS,urban,Kansas City Public SD 500,Wyandotte,f,f,Mr.,Music,Music & The Arts,Performing Arts,Music & The Arts,Supplies,highest poverty,Grades 3-5,290.69,480,t,12/20/12,1/5/13
0048db84b5091f9057c31a6ca0b23f4b,b1f65e417212e8611e9e80e92975e2cf,ce29562c621309fc3c65faba1e0eee74,3.60008E+11,40.87134,-73.912048,New York,NY,urban,New York City Dept Of Ed,New York (Manhattan),f,f,Mr.,Literacy,Literacy & Language,Literature & Writing,Literacy & Language,Books,highest poverty,Grades 3-5,207.49,32,f,12/13/12,2/7/13
004b2b094391d39a65d4ea2a72cb2155,773ecfd91b3fbe702ba6ee378f2c99ed,b13c122b6aa14a6a617b5c3f35a9deb1,62271003354,34.08192,-118.169467,Los Angeles,CA,urban,Los Angeles Unif Sch Dist,Los Angeles,f,f,Ms.,Special Needs,Special Needs,Literacy,Literacy & Language,Technology,high poverty,Grades 3-5,327.04,15,t,7/7/12,8/12/12
004bbbf5a95b97e573afa56b4b3ad7c2,f832b46112e7f920ec7dd81647610904,926b6a0dff4d782eb79eab9ebe5c7717,3.20006E+11,36.016006,-115.137825,Las Vegas,NV,urban,Clark Co School District,Clark,f,f,Mrs.,Music,Music & The Arts,Performing Arts,Music & The Arts,Supplies,high poverty,Grades 3-5,676.92,125,t,5/26/13,9/8/13
004c20bba08babc095f62c98ce04dccb,6f9ac44eaf8ea631e9359bd85cd27ab8,210e939bb2225a09486b4c065f5bb2bd,4.10883E+11,45.403961,-122.639847,Milwaukie,OR,suburban,North Clackamas School Dist,Clackamas,f,f,Mrs.,Literacy,Literacy & Language,Literature & Writing,Literacy & Language,Technology,high poverty,Grades PreK-2,885.24,30,f,10/25/13,11/25/13
004c65499f2400bce1a359bdbbeedb41,775b958b599d8f0396697c8428a084bc,fd741fafe5820073a5d8748c20323d8c,4.11082E+11,44.905819,-123.050774,Salem,OR,urban,Salem Keizer Sch Dist 24j,Marion,f,f,Mrs.,Literacy,Literacy & Language,Literature & Writing,Literacy & Language,Technology,high poverty,Grades 3-5,794.45,28,f,10/7/12,11/10/12
004cd3e50be74ac3fa3758f385bfec2e,fbf39a9a592bc57b4de57b9a7878709e,b28b3ff3715ef9378a3753ab50eb26bc,2.50279E+11,42.330525,-71.077745,Roxbury,MA,urban,Boston Public School District,Suffolk,f,f,Ms.,Literature & Writing,Literacy & Language,ESL,Literacy & Language,Other,highest poverty,Grades 3-5,189.02,43,f,3/4/12,3/28/12
004e2773b42441df0753880a5f3785b2,22dcd94a2ab4fa0655f9ce5c74b0077b,275e13d0d251b6dba82b0a5541da5dbf,1.73894E+11,41.615343,-87.543683,Calumet City,IL,suburban,Thornton Fractnl Twp Hsd 215,Cook,f,f,Mrs.,College & Career Prep,Applied Learning,Mathematics,Math & Science,Supplies,highest poverty,Grades 9-12,349.8,22,f,11/9/12,2/24/13
004fcf2a5f2034439c277cd6b2d528ab,d36f8fe86cd1b0fec2efc9c09c11b3a5,72cf6fd37ea952f84f0b9b2710dcb0ee,63432005516,32.736869,-117.121949,San Diego,CA,urban,San Diego Unified School Dist,San Diego,f,f,Ms.,Literacy,Literacy & Language,Mathematics,Math & Science,Technology,high poverty,Grades PreK-2,570.11,30,f,7/27/13,10/11/13
005048289aab710806e3fef43a5a2d77,7a93afeed6c85b63664d904581eb07ad,9f8e8272c4129bd5cbbe2a78dce5e983,62271002979,34.292629,-118.504257,Granada Hills,CA,urban,Los Angeles Unif Sch Dist,Los Angeles,f,f,Mrs.,Literacy,Literacy & Language,,,Other,moderate poverty,Grades PreK-2,617.41,23,t,1/17/12,2/9/12
0052530619c4b1ecdfd9b603c2450ec5,2297908024814406d9235c6f9e968624,5926534d72e0f5ea566eea4e15f6df67,1.70993E+11,41.972246,-87.75747,Chicago,IL,urban,O'hare Elementary Network,Cook,f,f,Mrs.,Mathematics,Math & Science,Early Development,Applied Learning,Other,high poverty,Grades PreK-2,494.74,30,f,11/13/13,11/19/13
0052dc00e146f113b82b459e892296de,eae248e820f35b8f5034a6853815318e,8e99a86a2c09bb3672b235da84faf60f,4.80894E+11,30.372368,-97.668869,Austin,TX,urban,Austin Ind School District,Travis,f,f,Mrs.,Literacy,Literacy & Language,,,Books,highest poverty,Grades 3-5,457.92,21,t,8/18/12,10/6/12
0053398d9c169ef2fc6bd3fb87ccbb4d,c8b2650a29d5e386ae0c204b37ede371,bcfc70d290656f73185d2e07adc335bc,61455001713,36.707048,-119.754444,Fresno,CA,,Fresno Unified School Dist,Fresno,f,f,Ms.,Music,Music & The Arts,,,Technology,highest poverty,Grades 3-5,297.96,150,f,9/8/13,9/19/13
00536890cd888c8d47777f6db335a499,f786e1c869b269a46d111bd32cde4c57,30828eaccba27437c4f78f3486c23c16,3.6201E+11,40.919878,-73.840702,Mount Vernon,NY,suburban,Mt Vernon City School District,Westchester,f,f,Mrs.,Literature & Writing,Literacy & Language,Mathematics,Math & Science,Other,highest poverty,Grades PreK-2,735.27,18,f,8/17/12,9/8/12
0053d8ccda91bdd728e9b2c810254a46,b5524c13db80b3f2bdea362ab298880f,47f8f96289eecbc1b2d40dd6695dab11,62271002837,33.746559,-118.299099,San Pedro,CA,urban,Los Angeles Unif Sch Dist,Los Angeles,f,f,Ms.,Literature & Writing,Literacy & Language,ESL,Literacy & Language,Books,highest poverty,Grades 3-5,409.93,15,t,1/14/12,1/31/12
0053fbb1b75fc680bd78854bbc7f596c,3ecec4991dc95d4f818f6688fcdbfc15,df4eb445e15f0575e60dfe3528c4f511,4.70159E+11,35.381855,-85.105824,Sale Creek,TN,rural,Hamilton Co School District,Hamilton,f,f,Ms.,Mathematics,Math & Science,Literacy,Literacy & Language,Books,high poverty,Grades 9-12,237.69,250,f,5/10/12,6/25/12
005400dc8467b79b94ef907cb12f3fe6,7d2fdf03aa0a4b896f437ba861757ec3,a197f3c02e3027f7ece374e63492a6ab,3.60015E+11,40.593075,-73.986275,Brooklyn,NY,urban,New York City Dept Of Ed,Kings (Brooklyn),f,f,Ms.,Applied Sciences,Math & Science,Health & Life Science,Math & Science,Supplies,highest poverty,Grades 9-12,253.66,10,t,2/29/12,3/5/12
005499a6630b53822dedf48b1d0e5d84,7e0efd288e38e59977605f7f67304d3d,ec711552815506bd042d87a982f6d833,60837000828,39.723537,-121.852692,Chico,CA,urban,Chico Unified School District,Butte,f,f,Mrs.,Literacy,Literacy & Language,Music,Music & The Arts,Technology,high poverty,Grades PreK-2,570.11,48,t,11/9/12,2/5/13
00550d976be1ee5973d3930486a59e4b,05e0cb78521d78bce468f19a0c63c933,c18fa36b76e30feac10d84ac76887342,3.61932E+11,41.450495,-74.39867,Middletown,NY,,Middletown Enlarged City Sd,Orange,f,f,Mr.,Special Needs,Special Needs,History & Geography,History & Civics,Technology,highest poverty,Grades 9-12,11278.67,125,f,3/8/12,7/6/12
0055a5f9fe0360c57df3891c8d7251d1,e553e3781132878c49410d578d3003db,24afdb26d7a9f7e527eb110c4f558ce0,5.30585E+11,46.990111,-122.805075,Lacey,WA,suburban,North Thurston School Dist 3,Thurston,f,f,Ms.,Literacy,Literacy & Language,,,Supplies,moderate poverty,Grades 3-5,331.41,26,t,8/23/13,11/18/13
0056893276eae1afae9f1d959eefddcb,d1084ed9cb56b033f3725eec9b0bd26e,a207bb5cd9c14947bdc8b9d3f1231b9a,2.10312E+11,37.27103,-82.939972,Littcarr,KY,rural,Knott Co School District,Knott,f,f,Mrs.,Literacy,Literacy & Language,Mathematics,Math & Science,Technology,highest poverty,Grades PreK-2,1246.16,20,f,2/27/12,5/7/12
0056c193e41e520901090e36761ac147,675d64c9fdf84da0c80659a965438a1a,520b603fe4d9b4d78c0cc409a048a50e,4.00075E+11,36.156291,-95.886939,Tulsa,OK,urban,Tulsa Independent Sch Dist,Tulsa,t,f,Ms.,Music,Music & The Arts,Performing Arts,Music & The Arts,Technology,highest poverty,Grades 9-12,551.18,150,t,9/22/13,11/15/13
005863cda9f4b36f14b2bee21a210b96,3169437c4ec7708d6fa4f85acb15f57c,483fd8e4eccaf4f46eac430f863c3315,63186008946,37.462179,-122.134484,E Palo Alto,CA,suburban,Ravenswood City Elem Sch Dist,San Mateo,f,f,Mr.,Health & Wellness,Health & Sports,Extracurricular,Applied Learning,Supplies,highest poverty,Grades 3-5,778.19,8,f,9/30/13,11/23/13
005958e234e04a60f985a3396ba07c02,80156e1ee2314041a76753fe244c163b,0b45e7cdefbe4a8f7195c5c705c4b4ad,5.10324E+11,37.490353,-77.475624,Richmond,VA,urban,Richmond City School District,Richmond City,f,f,Mrs.,Social Sciences,History & Civics,Civics & Government,History & Civics,Technology,highest poverty,Grades PreK-2,1112.39,23,t,3/3/13,6/29/13
005a6dce0d1a81275512c9ae4e22df63,5de61231a34d96109ba502f0c93ff5fb,6f824d1d76e22f8659bdc9e2b3618bcd,63462005757,38.666902,-121.294588,Citrus Hts,CA,suburban,San Juan Unified School Dist,Sacramento,f,t,Ms.,Literature & Writing,Literacy & Language,Early Development,Applied Learning,Supplies,moderate poverty,Grades PreK-2,639.32,62,f,8/9/13,12/7/13
005aab5f171f975f9214a602a72b6177,44d775a585506898bb7a25d1b604b20f,26f3342d40b805ec8f1265e1367c3a29,3.61227E+11,43.054342,-74.360852,Gloversville,NY,,Gloversville Enlarged Sch Dist,Fulton,f,f,Mrs.,Literature & Writing,Literacy & Language,,,Supplies,highest poverty,Grades 6-8,234.53,100,f,8/7/12,9/18/12
005b6635da5dd393d9c0748aff94df7b,2911d390277ff18932c32c960c35d621,3caf3a6874af6964bcf556cbd0c57cd4,,29.670918,-95.567729,Houston,TX,urban,Texas Dept of Education,Harris,t,f,Mrs.,Literacy,Literacy & Language,,,Books,highest poverty,Grades PreK-2,345.28,23,f,9/11/12,10/29/12
005c1e97aee02294d7f2105ca4169dc4,758780d9d01000caaf23bf9b35905b4f,784de771af4bf301292ff8293b46556d,1.70648E+11,40.47496,-89.000674,Bloomington,IL,urban,Bloomington School District 87,Mclean,f,f,Mrs.,Literacy,Literacy & Language,Literature & Writing,Literacy & Language,Books,highest poverty,Grades 3-5,264.53,25,f,8/15/12,12/13/12
005c253eb53a1ce7d1919ddfba342ffd,f23191ff85096ff9e2f70b0c1a9cd56e,a7a617ee6ff0ad985cbdd495745977d9,4.02025E+11,35.334287,-97.538795,Oklahoma City,OK,urban,Moore School District I-2,Cleveland,f,f,Mrs.,Mathematics,Math & Science,Special Needs,Special Needs,Technology,moderate poverty,Grades 3-5,712.66,76,t,10/27/13,1/15/14
005cccc717b7b951bd4dc54e60cd65a3,d38d033f5e57a7b995e28697899a47eb,22429fcb84b992caa8b1702270ff96d6,61806002233,33.71435,-118.000241,Huntingtn Bch,CA,suburban,Huntington Beach Union Hs Dist,Orange,f,t,Mr.,Health & Life Science,Math & Science,,,Supplies,high poverty,Grades 9-12,590.76,90,f,11/18/12,2/22/13
005d20be9a231c0fbb855dd968adadf9,55656923535479de0c1a0c63f54769e9,abaab4dcb55907f34ff9432ef0fd3bcc,4.84221E+11,30.310299,-94.961845,Cleveland,TX,rural,Tarkington Ind School District,Liberty,f,f,Mrs.,Literature & Writing,Literacy & Language,,,Books,high poverty,Grades 9-12,845.93,35,f,7/3/13,8/10/13
005dabc7c654672e82241cd4a22cf3d3,b71b3fa56085ce6736d060cfdefdb82e,db142707610c34668711ba0f9f9ab94a,2.20005E+11,29.968748,-90.053818,New Orleans,LA,urban,New Orleans Recovery School District,Orleans,t,f,Ms.,Applied Sciences,Math & Science,History & Geography,History & Civics,Supplies,highest poverty,Grades PreK-2,338.94,210,f,12/17/12,1/16/13
005e149f4a6f044642da3520d391a7b3,69ab473b8c091b70533fdb0bdb76e8eb,eb95ac530a49a39b5cfd1600e90a9682,2.92928E+11,38.601967,-90.253964,Saint Louis,MO,urban,St Louis City Public Sch Dist,St Louis City,f,f,Mr.,Mathematics,Math & Science,Environmental Science,Math & Science,Technology,highest poverty,Grades 6-8,256.21,60,t,6/19/13,8/7/13
005fc957e6a5fcaa42206f97fbc7b91a,7ddd2a9b4d1ba4268f3c496ac1298c72,98e3028f28114f9a04d8d6f896e6bc9c,62343003565,33.805711,-117.973324,Anaheim,CA,urban,Magnolia School District,Orange,f,f,Ms.,Visual Arts,Music & The Arts,,,Supplies,highest poverty,Grades 3-5,553.26,130,f,10/22/12,11/9/12
0061148bccef36e819776ceb31a152c6,0955e8fb2172ac802be15dd88f40a8a4,4f6442930582a50772cd71899929b222,1.20039E+11,25.917709,-80.329013,Miami Lakes,FL,suburban,Miami-dade Co Public Sch Dist,Miami-Dade,f,f,Mr.,Mathematics,Math & Science,,,Technology,high poverty,Grades 6-8,741.99,135,t,11/10/13,12/3/13
006221eb86e93898349404caa58ce7e1,d29989746465958dc6747987d81a3ed0,127c7fbe37d7ee1e12666fa271d24a22,,39.663136,-104.860962,Aurora,CO,,Douglas Co School Dist Re-1,Arapahoe,f,f,Ms.,Literature & Writing,Literacy & Language,ESL,Literacy & Language,Technology,low poverty,Grades PreK-2,1041.05,25,f,9/12/12,12/6/12
00665cf0045b1f7f3892e3bf1db8afb5,a031cc4f7245b98424639955f333e7c8,eb6b0fd10e842569cd73b8227deb8c63,1.80477E+11,39.84581,-86.12661,Indianapolis,IN,urban,Indianapolis Public Sch Dist,Marion,f,t,Mrs.,Music,Music & The Arts,Performing Arts,Music & The Arts,Supplies,high poverty,Grades 3-5,536.8,500,t,12/29/13,2/14/14
006729d01dcbaf842a40cae05a5f708a,a6e4f0a334f1fdbb0dd7c7797ba9a3c9,8b82a2cfabfb4734b643b1ed3e6a2326,61288001459,33.134323,-117.087236,Escondido,CA,suburban,Escondido Union Elem Sch Dist,San Diego,f,f,Mrs.,Literacy,Literacy & Language,Environmental Science,Math & Science,Books,highest poverty,Grades PreK-2,167.88,30,f,11/15/13,12/30/13
0067f3c851d9d821bd971fad3a70ff1c,6a4d54e661fb3c6085ac9901fb32744e,93e0701c2cf069e34d044220647a5baf,1.70993E+11,41.856825,-87.730324,Chicago,IL,urban,Chicago Psd-Area 52/53,Cook,t,f,Ms.,Mathematics,Math & Science,Health & Life Science,Math & Science,Supplies,highest poverty,Grades 6-8,509.53,54,t,10/15/12,11/22/12
0068d8daaddfae00d2ae6954f7d68c63,5ebe4b25b47ab053f97703c952431ba8,e3011cbbca298376938aac459fcecba3,5.3027E+11,45.629585,-122.510017,Vancouver,WA,urban,Evergreen School District 114,Clark,f,f,Mrs.,Mathematics,Math & Science,,,Supplies,high poverty,Grades 3-5,349.41,27,f,1/28/12,2/14/12
0069521531d6d6f15a0865a31b5c9982,2ed723ac7cb87df2ac8de4654f0ffcde,de3590f58c7ea94540312bf82f5b13ef,4.70294E+11,35.106039,-90.018332,Memphis,TN,urban,Memphis City School District,Shelby,f,f,Ms.,Literature & Writing,Literacy & Language,Literacy,Literacy & Language,Supplies,highest poverty,Grades 6-8,355.64,100,f,7/24/12,8/17/12
006a541691f0549032eb2740ecb16fb7,ca89129fa5c79bfe95efc81e952f8dc9,ff505a4c240a7ae45636b6136d886535,62271003049,34.266644,-118.507729,Granada Hills,CA,urban,Los Angeles Unif Sch Dist,Los Angeles,f,f,Mrs.,Literacy,Literacy & Language,,,Supplies,highest poverty,Grades PreK-2,489.35,24,t,10/15/12,1/28/13
006b246ff659b481f409ccca2d800bf8,ae589864bda718eea06bf9c123ba97c6,b5affc60212688b5dbe3aa827db93d61,1.70993E+11,41.799427,-87.758994,Chicago,IL,urban,Midway Elementary Network,Cook,f,f,Mrs.,History & Geography,History & Civics,Literature & Writing,Literacy & Language,Technology,highest poverty,Grades 6-8,751.75,147,f,5/12/13,9/7/13
006b3d449309966ab2fbfe573c35ff06,0bc3127f37b7888f027143130f5b1ed4,32de9ca1cf7ea4f62c9297b254d449d2,5.1018E+11,37.015999,-76.374863,Hampton,VA,urban,Hampton City School District,Hampton City,f,f,Mrs.,Special Needs,Special Needs,Literacy,Literacy & Language,Technology,highest poverty,Grades 3-5,324.05,30,t,8/2/13,9/27/13
006b7593371a94d43f8fd1f16b30b65a,dd56838ce14c1b433e2776c4ef8d8280,4300f780e95547a129929d4061e8146a,63441006556,37.750886,-122.499706,San Francisco,CA,urban,San Francisco Unified Sch Dist,San Francisco,f,f,Ms.,Literacy,Literacy & Language,Special Needs,Special Needs,Supplies,moderate poverty,Grades PreK-2,295.51,16,f,3/18/13,4/26/13
006bd36dfa6b0ecc3a9101e6b8ec794a,940f9fd86cb2452d66030c08ad51595f,0db70a66994b601c03e0ade21588f980,5.30771E+11,47.509514,-122.377998,Seattle,WA,suburban,Seattle School District 1,King,f,f,Ms.,Literacy,Literacy & Language,Literature & Writing,Literacy & Language,Other,high poverty,Grades PreK-2,175.41,24,f,2/25/12,4/17/12
006befbbd02dc608e59f70491d5d16a5,82f5703bca1eecbc2a0674ff32f99616,b6dbc43a1b37e4e344a07dcb7b56f083,62271002962,33.821793,-118.272178,Carson,CA,urban,Los Angeles Unif Sch Dist,Los Angeles,f,f,Mrs.,Applied Sciences,Math & Science,Literacy,Literacy & Language,Technology,highest poverty,Grades 3-5,443.46,30,t,5/14/13,8/1/13
006c729e8337841c25015fed1fda06a2,50b7f23164513abf885809b7fcd38acf,00ccd2f487e4cd665baf73485c29c4bc,62271003166,33.987732,-118.421343,Los Angeles,CA,urban,Los Angeles Unif Sch Dist,Los Angeles,f,t,Ms.,Environmental Science,Math & Science,Visual Arts,Music & The Arts,Supplies,highest poverty,Grades 6-8,279.27,150,f,11/3/13,12/14/13
006cb9370ebed271a4cb41ea45cf81c8,9d4b99117cc7f789ce0a2aeccfe5dcde,b56b5cee514fd1f2c407cccdb15df9d3,62271002840,34.195274,-118.477646,Van Nuys,CA,urban,Los Angeles Unif Sch Dist,Los Angeles,f,f,Ms.,History & Geography,History & Civics,Literature & Writing,Literacy & Language,Technology,highest poverty,Grades 3-5,575.99,33,t,1/21/12,2/27/12
006d3c665607373542fa556d790cd5af,bc954dd148fb36232f42cd6893b698fd,74b49064ca860176be4cb3b0db742209,2.20165E+11,30.312993,-89.946596,Lacombe,LA,,St Tammany Parish Sch District,St Tammany,f,f,Mr.,Gym & Fitness,Health & Sports,Extracurricular,Applied Learning,Technology,highest poverty,Grades PreK-2,797.96,300,f,10/12/13,10/24/13
006d6c140ef28b0a52b7c087aad2b49b,113e545fb88909479bbaa95c7eba08df,b8943dbbb2a4328c5abf50d2ea4021c0,3.70126E+11,36.02543,-78.90802,Durham,NC,urban,Durham Public School District,Durham,f,f,Mr.,History & Geography,History & Civics,,,Books,high poverty,Grades 6-8,230.75,110,f,10/31/12,2/27/13
006d726aedae88b24e85cea8daf441d8,277e61b7865abd8b8f6b32545dcb140f,8bb5e9e1f65d9611df98015dcc3379bc,2.10051E+11,39.114982,-84.733806,Hebron,KY,suburban,Boone Co School District,Boone,f,f,Mrs.,Mathematics,Math & Science,Literacy,Literacy & Language,Technology,moderate poverty,Grades 3-5,801.69,100,f,2/9/13,4/2/13
006dd17ea8a83d93ec13e118786164bf,9d0b963dcdb378e2ebcb912cfe40a388,e8d70727108c76aa0ecd64cb29dd0c42,3.60012E+11,40.66655,-73.911084,Brooklyn,NY,urban,New York City Dept Of Ed,Kings (Brooklyn),f,f,Mrs.,Literacy,Literacy & Language,,,Supplies,highest poverty,Grades 3-5,214.12,28,t,8/25/12,10/1/12
006de2d5ece19b6568c23feb790bdd41,c4a647b4ee3489e5369b83dc4f2b678c,3de5d0c64d19c03ebd506a4d0b770f96,40444002497,33.417996,-112.278855,Tolleson,AZ,,Littleton Elem School Dist 65,Maricopa,f,f,Mr.,Civics & Government,History & Civics,Literacy,Literacy & Language,Books,highest poverty,Grades 6-8,449.12,100,f,5/28/12,9/6/12
006de6120b647298e758ea96a87d2f76,c229f2ea0f5c96bb393766e979241462,6e3232a6a96f1cfc254be7fdd89cc80c,2.51005E+11,42.411843,-71.009391,Revere,MA,suburban,Revere Public Schools,Suffolk,f,f,Mrs.,Health & Wellness,Health & Sports,Extracurricular,Applied Learning,Supplies,highest poverty,Grades 9-12,465.44,999,t,1/28/12,2/3/12
006e1c2022e568899ec4edfda377a8e5,2282c0621c18171112bede12ec996cb1,51cf9f913171a97f25edc9d2d60ad193,62271003051,34.001809,-118.429048,Los Angeles,CA,urban,Los Angeles Unif Sch Dist,Los Angeles,f,f,Ms.,Mathematics,Math & Science,Literacy,Literacy & Language,Technology,highest poverty,Grades 3-5,224.06,25,t,8/27/13,9/18/13
006e9110870174178f7ed63040aa32f1,efcdbf7953aa068789f263ce981acb3e,445dcc2f6a7e30b469c22d4f623815c1,63324003736,38.645061,-121.462639,Sacramento,CA,urban,Robla Elem School District,Sacramento,f,f,Ms.,Literature & Writing,Literacy & Language,Other,Applied Learning,Supplies,highest poverty,Grades 6-8,445.65,32,f,8/23/12,9/13/12
006f62729f0280885aaad30b892a0ee5,29f8cee405818cf5ebcce717b3186cc9,25ba268499fde6a4c8d0830ef81f55db,4.83312E+11,29.580711,-98.655814,Helotes,TX,rural,Northside Ind School District-Bexar,Bexar,f,f,Mrs.,Mathematics,Math & Science,Literature & Writing,Literacy & Language,Technology,low poverty,Grades PreK-2,598.69,22,f,9/26/13,11/18/13
006f9b5dc5c9c641396f92da300dcf77,b31a297f7aad348729b2f41a4b3a81cb,b31147dd6dd82ac4704cc246f0b9a5bd,90192000373,41.756275,-72.707565,Hartford,CT,urban,Hartford Public School Dist,Hartford,f,f,Ms.,Special Needs,Special Needs,Literature & Writing,Literacy & Language,Technology,highest poverty,Grades PreK-2,765.87,46,t,7/5/13,10/9/13
006fbc131d24cef196840247178550a4,698a2603602a4a57c67cbdacaaa48e40,6dd73e5568087bcf9d66fd39db3e7217,5.10324E+11,37.587585,-77.446793,Richmond,VA,urban,Richmond City School District,Henrico,f,f,Mrs.,Literacy,Literacy & Language,,,Books,highest poverty,Grades PreK-2,814.11,250,f,8/6/12,8/24/12
006ffbb26e7a73ff658042b94e12485d,effedb2a93a88de3ba82861e739d2b74,3c8329de1cfa9ce2a4572c40806232e9,60363000318,35.372125,-118.951447,Bakersfield,CA,suburban,Bakersfield City Sch Dist,Kern,f,f,Mr.,Mathematics,Math & Science,ESL,Literacy & Language,Technology,highest poverty,Grades 6-8,1090.8,70,f,12/3/12,12/21/12
007092f499fbd34f97283543f1bfec27,3000626de94233415524166413990501,b2d880be90c8c6d99e3ec42d28b7e869,63822006447,34.450947,-118.422415,Canyon Cntry,CA,suburban,Sulphur Springs Union Elem SD,Los Angeles,f,f,Ms.,Literacy,Literacy & Language,,,Books,highest poverty,Grades 3-5,197.06,575,f,9/27/13,10/6/13
00720ab015c7d9669caafbc2397055d0,6cb6c0217af897f07f36fbfe3927df7b,241a5ac19c971db5b205732bbf45987e,3.60009E+11,40.836826,-73.887688,Bronx,NY,urban,New York City Dept Of Ed,Bronx,f,f,Mrs.,Literacy,Literacy & Language,Literature & Writing,Literacy & Language,Books,highest poverty,Grades 6-8,506.86,90,f,10/3/12,12/30/12
00723d73f5f033274c7378cb0b69de74,a439cfb94aa0a779f791add5fbb2c9d2,58ef6e738a4dce0a20ed89a79e07ba96,62271012370,34.059604,-118.295573,Los Angeles,CA,urban,Los Angeles Unif Sch Dist,Los Angeles,f,f,Mrs.,Literature & Writing,Literacy & Language,,,Books,highest poverty,Grades 9-12,1008.39,135,f,9/2/12,11/14/12
007299c6b35bb4c2f8960b1dbf59170c,a43cf7ddaefbb9ba94cb308103f48aac,bfbce9e6309f78b9c72c7cd498fece70,62805011935,37.808687,-122.282702,Oakland,CA,urban,Oakland Unified School Dist,Alameda,t,f,Ms.,Music,Music & The Arts,,,Supplies,highest poverty,Grades 6-8,2368.06,12,f,9/2/12,10/6/12
0073d83957ebe4fdf76eac273a33b257,a972afb0e8b40b2ac458296dd01ea98a,f516fc3fb2cf44e16421d695201d183c,2.50702E+11,42.640346,-71.28179,Lowell,MA,suburban,Lowell Public School District,Middlesex,f,f,Ms.,Mathematics,Math & Science,Applied Sciences,Math & Science,Other,high poverty,Grades 3-5,493.75,55,f,3/31/12,7/13/12
0074e3bd3dc77e0496d44b31bc0393bc,73a4dfba740cae9947330eb2e2470164,47555bb7145c61fa8f8005937465d5c9,62640003989,37.354536,-121.810019,San Jose,CA,urban,Mt Pleasant Elem School Dist,Santa Clara,f,f,Mrs.,Mathematics,Math & Science,Literature & Writing,Literacy & Language,Technology,highest poverty,Grades 3-5,2668.24,28,f,11/16/13,11/26/13
00757cc7c8fe849a5095a50cd8f78f42,2578f1c4569fb7ec0984d1b04647a128,22785675a966d52f9a93a72457b73c31,3.70297E+11,35.154955,-80.957141,Charlotte,NC,rural,Charlotte-mecklenburg Sch Dist,Mecklenburg,f,f,Mrs.,Literacy,Literacy & Language,Literature & Writing,Literacy & Language,Supplies,highest poverty,Grades 3-5,179.98,50,f,9/20/13,10/25/13
00757ccfb42330e699c9f5225d0ed6f8,1833246325687e62f35a2c1c501ece77,f8a599619975c3d0ed329ae8a93f674b,62271012510,34.228924,-118.436073,Arleta,CA,urban,Los Angeles Unif Sch Dist,Los Angeles,t,f,Mr.,Mathematics,Math & Science,Special Needs,Special Needs,Technology,highest poverty,Grades 6-8,467.61,122,t,10/30/12,12/22/12
0076700b2e79b6e8194543c5dd63829a,ffd2214cc6b8f14d0a575511447ccb32,911b216fb846da8ed872d1b260734e69,63441005660,37.74884,-122.49236,San Francisco,CA,urban,San Francisco Unified Sch Dist,San Francisco,f,f,Ms.,Literacy,Literacy & Language,Health & Life Science,Math & Science,Books,high poverty,Grades 3-5,418.36,66,f,8/15/12,9/24/12
0076e5161d0eb6e8c6c9ca5f430b42e6,505b14b4c52e6dea8ec996c802b026f7,863a242d8b95da8dd1fa6433ca3738ff,2.40009E+11,39.312446,-76.594892,Baltimore,MD,urban,Baltimore City Public Sch Dist,Baltimore City,f,f,Ms.,Early Development,Applied Learning,,,Other,highest poverty,Grades PreK-2,345.15,20,t,9/26/12,10/8/12
00784fa56debb1963e131f80c8d87509,eadefa833bf1aa2e1690306f70331e9e,954d195f8cec798ecbbee6d8f7169e17,4.02277E+11,35.49119,-97.521229,Oklahoma City,OK,urban,Oklahoma City School Dist,Oklahoma,f,f,Mrs.,Mathematics,Math & Science,,,Other,moderate poverty,Grades PreK-2,452.15,26,f,9/22/13,10/31/13
0078577848282cbd4a2e545b795f04d3,d5e616fe9dc2c4db794762546b8e8185,222e97a4a9dcdb5a236c059f60b441f0,,29.945615,-90.081186,New Orleans,LA,urban,New Orleans Recovery School District,Orleans,t,f,Mr.,Literacy,Literacy & Language,Literature & Writing,Literacy & Language,Supplies,highest poverty,Grades 3-5,390.2,15,f,11/21/12,12/7/12
007883699a2db7749a40998f3adf7625,c6a070a081bf10bc810edac0c54193be,2e08fa0a86277495c8b7c38e93102e29,4.22583E+11,40.152853,-76.79698,Etters,PA,,West Shore School District,York,f,f,Mrs.,Character Education,Applied Learning,Other,Applied Learning,Supplies,moderate poverty,Grades PreK-2,391.74,27,f,8/1/13,10/19/13
0078db6897e231305ef96fc7ebc0c9b6,3ac927df31aafd7d2db471acff309bea,18527c239179c3782536b012259c5e05,4.11004E+11,45.520039,-122.648552,Portland,OR,urban,Portland School District 1j,Multnomah,f,t,Mrs.,Health & Wellness,Health & Sports,Early Development,Applied Learning,Supplies,moderate poverty,Grades PreK-2,1369.33,30,f,9/5/13,9/17/13
00793adad8b9c6b0ad783a99108e0350,2f0fe1942f5527e0e854f1c03313b3e6,e46f41ebdef7cf98c11a8f705a978964,63459005714,37.341557,-121.881714,San Jose,CA,urban,San Jose Unified School Dist,Santa Clara,f,t,Mr.,Mathematics,Math & Science,,,Technology,highest poverty,Grades 3-5,9161.45,60,f,10/10/13,12/30/13
007943e230025b6757cd68031061d423,3a2b2b05e6ebfd0d50b8562493547ffc,18e1d272f180cb9e101deb701af6b975,62759004146,36.78891,-121.728193,Castroville,CA,suburban,North Monterey Co Unif SD,Monterey,f,f,Mrs.,Health & Life Science,Math & Science,Literacy,Literacy & Language,Technology,highest poverty,Grades 9-12,1282.8,165,f,11/12/12,11/21/12
0079967d25f9022c26e29036b973b06a,2463c51229c1fff6886fe772e8663b13,e05aeea393a211e38388eae06e65576a,64125006831,37.909199,-122.055801,Walnut Creek,CA,urban,Walnut Creek School District,Contra Costa,f,f,Mrs.,Literacy,Literacy & Language,Mathematics,Math & Science,Technology,moderate poverty,Grades 6-8,1056.08,125,f,10/10/13,10/22/13
007a355832f5769b5a60bd0d334cbeca,a38444a44507ee2bf067d27133e9737f,d9db77383912775e90fcac90c4e339ba,4.70222E+11,35.886951,-84.155243,Knoxville,TN,,Knox Co School District,Knox,f,f,Ms.,Mathematics,Math & Science,Health & Life Science,Math & Science,Technology,moderate poverty,Grades 3-5,497.16,53,f,10/12/12,10/27/12
007bc709e392c1b5aa5c9e017da211eb,06f19ca1f1d56c866a79dbed3a771d17,920ef9791be24317fa686127856aba1a,4.50117E+11,33.874809,-80.853317,Goose Creek,SC,suburban,Berkeley Co School District,Berkeley,f,f,Mrs.,Literacy,Literacy & Language,Music,Music & The Arts,Technology,high poverty,Grades PreK-2,555.04,20,f,11/9/12,12/10/12
007bdee34e80bf88f8e249fbc4371cee,c7614853f1e9dd84c69e1eeee828b5a3,5ba4462c622b9080dbdc14f04db42678,63492005901,37.549656,-122.321426,San Mateo,CA,urban,San Mateo-foster City Sch Dist,San Mateo,f,f,Ms.,History & Geography,History & Civics,Civics & Government,History & Civics,Technology,moderate poverty,Grades 6-8,3901.54,180,f,12/10/12,1/11/13
007c07db44269e00aae32ba35d685a2a,244a1bfbe59d779b72e43673e4b5875d,5db595f6e7085ff501fec52a2c00648f,1.20147E+11,28.312014,-81.354251,Kissimmee,FL,suburban,Osceola Co School District,Osceola,f,f,Mr.,Sports,Health & Sports,Gym & Fitness,Health & Sports,Other,highest poverty,Grades 3-5,496.34,780,f,12/12/12,4/6/13
007d1374e7b77d95e937bf5b22bf4ecc,64ffce79997b06c52355049f7ac3fb35,b33c38f23e5dcf25c4c84cbaecf3aabf,5.5021E+11,43.006447,-89.01001,Cambridge,WI,rural,Cambridge School District,Dane,f,f,Mr.,College & Career Prep,Applied Learning,Applied Sciences,Math & Science,Technology,moderate poverty,Grades 9-12,2452.94,150,f,11/13/13,3/7/14
007d246508b0fe0934e408622e0a7171,6dc219be9d6d0efbdd52c53cc42a9eef,8b518d97716c3b00776650ef12d03322,3.60009E+11,40.678551,-73.966339,Brooklyn,NY,urban,New York City Dept Of Ed,Kings (Brooklyn),f,f,Ms.,Literacy,Literacy & Language,ESL,Literacy & Language,Technology,high poverty,Grades PreK-2,272.92,25,t,8/30/13,9/12/13
007dd2f086463a8177370804c21f5d94,539af76ce8233afd76fa73f447547e53,ecb6f374ddddbb21191787ab03c7faed,4.22283E+11,40.494536,-80.096993,Mc Kees Rocks,PA,suburban,Sto-rox School District,Allegheny,f,f,Mrs.,Mathematics,Math & Science,Literacy,Literacy & Language,Supplies,highest poverty,Grades 3-5,185.18,70,t,9/29/12,11/12/12
007eb863b417fb710fa281e98c21fca9,0b4d81db17d57917dd6c1fb79f6e68a6,9376f6f04b5ad03b577ccb8e9081d1a9,2.50279E+11,42.321815,-71.106061,Jamaica Plain,MA,urban,Boston Public School District,Suffolk,f,f,Ms.,Literacy,Literacy & Language,,,Other,highest poverty,Grades PreK-2,452.05,21,t,5/11/13,6/17/13
007f1f2bbbed0f3446bc83101c7aca35,189c15a2974b0daa6d15174ac3a9f693,a82655b2ff505f2313914f879fee6bbd,60639009327,35.329673,-119.034961,Bakersfield,CA,urban,Panama-buena Vista Union SD,Kern,f,f,Mrs.,Early Development,Applied Learning,Literature & Writing,Literacy & Language,Supplies,highest poverty,Grades PreK-2,1192.46,48,f,7/14/12,9/20/12
007faea9a2fe015db1c3eb43ae5ee8f5,7f49023c857c3c952d70bc50cf2ea7ac,25b70761821363d2867612d805fcebb2,60263000169,33.833399,-117.923631,Anaheim,CA,urban,Anaheim Union High Sch Dist,Orange,f,f,Mrs.,Special Needs,Special Needs,Social Sciences,History & Civics,Technology,highest poverty,Grades 9-12,3398.89,100,f,4/19/13,5/3/13
0080fdcde354bd2c31eb2ace024e62cf,fabcaf840b8dcba243728f94cc9fe652,ed73cfa3b0222a3a4064ca91c51cea22,4.11004E+11,45.524555,-122.580101,Portland,OR,urban,Portland School District 1j,Multnomah,f,f,Ms.,Literature & Writing,Literacy & Language,Literacy,Literacy & Language,Books,highest poverty,Grades 6-8,330.12,50,f,9/29/13,12/31/13
00810791c6259aaa0367d9437dbed704,412d1d6c62365607404d9893d1b5f60a,c4f1db6a1b5c5c54a9bafb81a240ff6c,3.70297E+11,35.172935,-80.977748,Charlotte,NC,rural,Charlotte-mecklenburg Sch Dist,Mecklenburg,f,f,Ms.,Early Development,Applied Learning,Special Needs,Special Needs,Supplies,high poverty,Grades PreK-2,423.68,18,t,7/11/12,11/5/12
008298c914b0dad60e1d94d17efb4cbf,c8759e0e325e6ab4a2205c12c002ea58,529f75765b995dca911e3daf0f28971a,1.2015E+11,26.723497,-80.059434,West Palm Bch,FL,urban,Palm Beach Co School District,Palm Beach,f,t,Ms.,Early Development,Applied Learning,Literacy,Literacy & Language,Books,highest poverty,Grades PreK-2,289.56,15,t,3/22/13,4/6/13
0082ea02769f290115a1fcba32de8e0a,602c0778a78e52aa08648e424958be2a,9376f6f04b5ad03b577ccb8e9081d1a9,2.50279E+11,42.321815,-71.106061,Jamaica Plain,MA,urban,Boston Public School District,Suffolk,f,f,Ms.,Literacy,Literacy & Language,,,Supplies,highest poverty,Grades PreK-2,373.14,20,f,6/1/12,7/15/12
00830acf9176cdce1fa5413974b04601,c6d4f2cbc4da445838e6ac1b307416c4,12ea4583f5ac61df553d22ad95d20ace,2.50279E+11,42.282948,-71.158661,West Roxbury,MA,urban,Boston Public School District,Suffolk,f,f,Mrs.,ESL,Literacy & Language,Literature & Writing,Literacy & Language,Technology,high poverty,Grades 3-5,734.73,24,f,1/21/12,2/1/12
008333c93484132034ae0d3bce53ee6d,09d2ded9b8328820144aa6367d0b2c01,ed1dba9d05f4edd3a4965686b93c8336,4.80021E+11,26.184899,-97.963505,Weslaco,TX,suburban,Idea Public Schools,Hidalgo,t,f,Ms.,Mathematics,Math & Science,,,Technology,highest poverty,Grades 6-8,794.52,125,f,8/10/13,11/11/13
00834469eda27ad45e713c11da2cc7e2,b3d493b26dfe5e1a6e9700242bec9a35,5e57db207df331f73a06a6a08fa0126a,2.80321E+11,34.434869,-89.927385,Sardis,MS,,North Panola School District,Panola,f,f,Mrs.,Literacy,Literacy & Language,Literature & Writing,Literacy & Language,Technology,highest poverty,Grades 3-5,406.78,90,f,7/20/13,8/13/13
00834be652802ee29c83cd4e61c64607,9c52177b0991d581ade4d935b1e44ae3,9ea20869dbb2268233c52ce29a96c4a9,4.70381E+11,35.035172,-89.703566,Collierville,TN,suburban,Shelby Co School District,Shelby,f,f,Ms.,Literacy,Literacy & Language,,,Other,moderate poverty,Grades PreK-2,469.66,25,f,11/18/12,12/11/12
00836dec34f9f4c023bd67c5cdfff224,cf978393be6de577fb5680e21784a6ec,f03c08792133fe4ec18258061e63a420,62805004316,37.727985,-122.176598,Oakland,CA,urban,Oakland Unified School Dist,Alameda,f,f,Mrs.,Social Sciences,History & Civics,Literacy,Literacy & Language,Books,highest poverty,Grades PreK-2,372.29,27,f,7/1/12,8/6/12
00847b9e18c152bf4078285a82fb7738,942b38687f342bfe9a68a5884b732738,2e5b9f15703f5c8a8c2aaea85bdbd372,4.818E+11,31.866514,-102.407539,Odessa,TX,urban,Ector Co Ind School District,Ector,f,t,Mrs.,Literacy,Literacy & Language,,,Books,highest poverty,Grades PreK-2,919.36,850,f,11/6/13,2/14/14
0084c0cf4d0f927f4ce8af1a050dce09,ed871f0d6016dadbd011fa0eb77bf680,b833261505395760233c32cd92b4c99c,4.21641E+11,40.146749,-74.874574,Levittown,PA,suburban,Neshaminy School District,Bucks,f,f,Ms.,Mathematics,Math & Science,Other,Applied Learning,Technology,moderate poverty,Grades PreK-2,418.04,11,t,4/23/12,5/9/12
0085cf1b9b2b3d246497036f4ffd7bdb,4b89ff3e139c71489a7cebff212d1122,62aa99952d392c9b36c039b4b443e06c,2.80149E+11,31.056719,-89.185143,Brooklyn,MS,rural,Forrest Co School District,Forrest,f,f,Mrs.,Literature & Writing,Literacy & Language,,,Books,highest poverty,Grades 6-8,250,72,f,10/29/13,2/26/14
0086356f38bac2a5b51843b68d01de67,59f4048695d07a3d0f6df11564adbbff,07489140998bdb6977b988ec94812614,2.80162E+11,33.373426,-91.044447,Greenville,MS,,Greenville Public Sch Dist,Washington,f,f,Mr.,History & Geography,History & Civics,,,Supplies,highest poverty,Grades 6-8,321.55,135,f,9/26/13,10/26/13
0086509587ac821ee51785d592d73b61,6c5b5194a0a1b8f5ae1b9e103fd88b5c,ed4b5d9357cd6313081ac26c47dad668,5.5096E+11,43.015141,-87.920433,Milwaukee,WI,urban,Milwaukee Public Schools,Milwaukee,f,f,Mrs.,Health & Life Science,Math & Science,Environmental Science,Math & Science,Trips,highest poverty,Grades PreK-2,2214.09,90,f,1/27/12,3/23/12
008669d9be788e3e22fc20587e0aaddf,786cad234c48da1d8a3dcb01ab809cc5,6e9e3e9b374ed92e31882accc2c3cc5c,4.80967E+11,30.114407,-94.106796,Beaumont,TX,urban,Beaumont Ind School District,Jefferson,f,f,Ms.,Music,Music & The Arts,Performing Arts,Music & The Arts,Technology,highest poverty,Grades 3-5,630.16,675,t,10/10/13,12/27/13
00868c96fbf9b6ff61aead88194117d5,461b957b3dfd39d3555729214c563a6a,48c397f03829ce9180245d8f363fbb11,63468005842,37.717986,-122.143501,San Leandro,CA,urban,San Leandro Unified Sch Dist,Alameda,f,f,Mrs.,Health & Life Science,Math & Science,,,Supplies,high poverty,Grades 9-12,598.94,90,f,9/23/13,10/23/13
0086c6993fb7f5a3ff8994729b7525b2,72ee6e1e63db27177d5259965bf42c2f,1afa0efd0f6c384265d889c76684be94,1.70651E+11,41.647128,-87.74832,Crestwood,IL,suburban,Cook County Sd 130,Cook,f,f,Ms.,Mathematics,Math & Science,College & Career Prep,Applied Learning,Technology,highest poverty,Grades 6-8,877.81,30,f,1/24/13,5/16/13
0087053235e2208c80cddecac3083d41,775d0559adeaf3343525d906f7dd6296,b26226981a02d31c55b553e291abad71,60861000882,32.634949,-117.088247,Chula Vista,CA,suburban,Chula Vista Elem Sch Dist,San Diego,f,f,Ms.,Mathematics,Math & Science,Applied Sciences,Math & Science,Technology,highest poverty,Grades 3-5,685.98,35,f,6/11/13,7/14/13
00873841caf2eade7763b4a0d55c1b18,06d4ea191e355c44ec960892662f0d3d,f1831f9cc72d528f717c6bb6cf41e1f3,62271003013,33.973801,-118.238815,Los Angeles,CA,suburban,Los Angeles Unif Sch Dist,Los Angeles,f,f,Ms.,Literacy,Literacy & Language,Mathematics,Math & Science,Technology,highest poverty,Grades PreK-2,1152.28,11,f,12/8/12,1/5/13
0087417560108637019f00c6a8bcbf0d,9ad028975ab17046c2e721e22556b48f,4ce3f2b95c25d65af6906b85f463fd4a,2.50279E+11,42.345333,-71.160202,Brighton,MA,urban,Boston Public School District,Suffolk,f,f,Ms.,Literacy,Literacy & Language,Mathematics,Math & Science,Supplies,highest poverty,Grades 3-5,1054.78,60,f,6/2/13,8/19/13
0088d79ed98cd68a538fd979b418425c,fa927d2b65ec1ae53355baecc86bb724,e24ade37b376a7eb770e7a994ec125ce,62691004072,37.590889,-122.024651,Union City,CA,suburban,New Haven Unified School Dist,Alameda,f,f,Ms.,History & Geography,History & Civics,Social Sciences,History & Civics,Supplies,high poverty,Grades 9-12,194.48,50,f,10/21/13,12/14/13
00897e76fad19a606ffe9591b9b0edf2,e72a82c9087c39f72900e667f850c1b3,f1c0672b35eaed63e320a8d63f6165f6,61104001218,37.524669,-120.802993,Denair,CA,suburban,Denair Unif School District,Stanislaus,f,f,Mrs.,Applied Sciences,Math & Science,,,Supplies,high poverty,Grades 9-12,505.91,150,f,1/21/13,2/1/13
008a0d2c19e041f0c581042fa06846e3,c9403d8a4266c51f38df27d124e9165a,a01302b12fe6fa7a42e8aea05f09ad11,61488001857,37.14814,-119.644249,Garden Grove,CA,suburban,Garden Grove Unif School Dist,Orange,f,f,Ms.,Mathematics,Math & Science,Special Needs,Special Needs,Supplies,highest poverty,Grades 3-5,974.81,15,f,11/4/13,2/24/14
008a4102f0db8824083819350bf22c5f,305b5639a5d5facca3c4e3f63f25f220,f6c08356fbf02d8def0299cc53e1ffa9,2.80438E+11,32.571707,-89.117433,Union,MS,rural,Union Public School District,Newton,f,f,Mrs.,Literacy,Literacy & Language,Mathematics,Math & Science,Technology,highest poverty,Grades PreK-2,310.56,24,f,6/18/12,9/23/12
008b5d6603f09e4ae0d79ba846e7a6da,a1bb8d7824dee938d9e0fb9311c5c549,ddac8fab23215ba493e64aea9b07df92,60780000742,37.703934,-122.07841,Castro Valley,CA,suburban,Castro Valley Unified Sch Dist,Alameda,f,f,Mr.,Mathematics,Math & Science,,,Technology,moderate poverty,Grades 9-12,458.86,150,f,9/3/13,10/6/13
008b787e2ad4cf94d19a6281a5bfe7ef,df1b33128e7b58a60190b9e885f00d3f,9866e22ca7518576664516ebf8562254,2.20009E+11,30.324453,-90.977517,Prairieville,LA,suburban,Ascension Parish School Dist,Ascension,f,f,Mrs.,Visual Arts,Music & The Arts,History & Geography,History & Civics,Supplies,moderate poverty,Grades 3-5,1497.84,52,f,4/15/13,5/26/13
008cc12881b502b559fce7d580466260,e766c3ed585c84267b6858d1dedc6e6e,fc709a14a1ae82571c5c82bb6ec8f225,,25.698666,-80.455078,Miami,FL,suburban,Miami-dade Co Public Sch Dist,Miami-Dade,f,f,Mr.,Mathematics,Math & Science,Applied Sciences,Math & Science,Technology,highest poverty,Grades 3-5,646.46,32,t,10/20/13,11/26/13
008d64d7c2a6c4fc2b1e37d90663ec77,eb2d34d9e26a71a72f6c00252f3633e3,8a7e6f59d2e78acd49556ba105fec211,40636000556,32.718935,-111.49875,Picacho,AZ,,Picacho Elementary Sch Dist 33,Pinal,f,f,Mr.,Extracurricular,Applied Learning,Visual Arts,Music & The Arts,Technology,highest poverty,Grades 6-8,394.58,210,t,2/16/13,3/25/13
008e338004bab03983fcc19fcfc0b759,3b5c416eb9fa835a0e74bb76a7d6e12e,b43a497f9f332963457030fd516fcdcd,61668002094,33.915173,-118.35141,Hawthorne,CA,suburban,Hawthorne School District,Los Angeles,f,f,Ms.,Mathematics,Math & Science,,,Technology,highest poverty,Grades 6-8,1178.78,80,f,9/4/13,9/9/13
008eb0cc303966698e56b04122e04299,6771952b6c73963de707742dce105077,a40b12db6b72a2d71719b08e05bde6ab,,29.625652,-95.279594,Houston,TX,urban,Houston Ind School District,Harris,f,f,Ms.,Literacy,Literacy & Language,Literature & Writing,Literacy & Language,Books,high poverty,Grades PreK-2,849.56,24,f,10/15/13,11/1/13
008ef32a076acf04a72fb5b3f51b08bf,8675930f4900dc982e038f68bfa5dbfd,dc79f6b8770f99bff4cc95c871187a65,3.40459E+11,40.674211,-74.211794,Elizabeth,NJ,suburban,Elizabeth School District,Union,f,f,Mr.,Early Development,Applied Learning,Community Service,Applied Learning,Technology,highest poverty,Grades PreK-2,825.58,30,t,12/20/12,1/29/13
008f6dc47574b729aa11c96bbb49320b,a2327b64638fc31d70faaa05f368394a,3f21cce9fccaec8771c30c6150a081e6,3.40729E+11,40.696653,-74.233579,Hillside,NJ,suburban,Hillside School District,Union,f,t,Ms.,Literacy,Literacy & Language,Parent Involvement,Applied Learning,Technology,high poverty,Grades 3-5,445.31,19,f,3/9/13,4/16/13
008ffe4df1cffd897f9f95fbf35e8280,70d4d81e2199a5b5d86e978ac0f8047c,f16fe540be84839d7d9264b807b93841,2.80432E+11,34.231684,-88.76332,Tupelo,MS,,Tupelo Public School District,Lee,f,f,Mrs.,Mathematics,Math & Science,,,Technology,high poverty,Grades 9-12,672.25,150,f,8/21/12,11/30/12
00919bd0efd6ca1730ca484f617c7636,2c75d1bcad1041fb0c3567a89e6344ad,2b688324a41610abc281b2e9b7c2ed3a,1.73171E+11,39.598827,-90.809634,Pittsfield,IL,,Pikeland Cmty Sch Dist 10,Pike,f,f,Ms.,Literacy,Literacy & Language,,,Other,high poverty,Grades PreK-2,595.34,25,f,5/5/13,7/22/13
0091abed16d7b85e3e62be5b2c81196c,dfb491643bdab1d599fc9d10828a4fd7,681a80d6f3964983846926ab75e77be4,60588000529,33.931128,-117.873998,Brea,CA,suburban,Brea-olinda Unified Sch Dist,Orange,f,f,Mr.,Social Sciences,History & Civics,History & Geography,History & Civics,Technology,moderate poverty,Grades 9-12,700.28,200,f,11/11/12,12/4/12
00920bb5b83fcb17a89da2c45edae34f,448f7ccc9198218741d039ecffa58687,6b682e568053e814c7500fa5a291449e,62271003179,34.209915,-118.559128,Reseda,CA,urban,Los Angeles Unif Sch Dist,Los Angeles,f,f,Mr.,Literature & Writing,Literacy & Language,Health & Life Science,Math & Science,Supplies,highest poverty,Grades 3-5,319.89,30,t,6/23/13,8/2/13
0093803e1757896723dea49990bc3c3a,6075ff08a71add630a62fb2d097ea418,dfd7b496684975efdd77c9db0c3591b4,1.30123E+11,33.632526,-84.371178,Forest Park,GA,suburban,Clayton Co Public Schools,Clayton,t,f,Ms.,Environmental Science,Math & Science,Mathematics,Math & Science,Supplies,highest poverty,Grades PreK-2,544.67,50,f,10/10/13,12/29/13
00951019a96b85d99de59eac36c4dd71,02656ae5e9c2ddfa1d5226855c0dc232,d5b82ad9ba7785d0ccbfe25cdaf370a8,61623002023,32.756368,-117.039171,La Mesa,CA,suburban,Grossmont Union High Sch Dist,San Diego,t,f,Ms.,Performing Arts,Music & The Arts,College & Career Prep,Applied Learning,Technology,high poverty,Grades 9-12,960.64,999,f,12/26/13,1/7/14
0095478ac208d6ede761983b375e8a2b,775d0559adeaf3343525d906f7dd6296,b26226981a02d31c55b553e291abad71,60861000882,32.634949,-117.088247,Chula Vista,CA,suburban,Chula Vista Elem Sch Dist,San Diego,f,f,Ms.,Literacy,Literacy & Language,Character Education,Applied Learning,Books,highest poverty,Grades 3-5,485.32,34,f,12/1/12,1/8/13
0095afdfe4aa173577cd8ea638c8636e,d11ae754f8bcf125f3f161d0af939fa0,5d54eac41fc9ad00a82f2f174b6efea8,4.83808E+11,30.508874,-97.605939,Round Rock,TX,urban,Round Rock Ind School Dist,Williamson,f,f,Mrs.,Literature & Writing,Literacy & Language,Performing Arts,Music & The Arts,Technology,moderate poverty,Grades 3-5,406.96,22,f,1/20/12,1/31/12
0095d5894ffd56300d18b1602ea38a8c,6bcfc1a8050d81f8eca5c40efd8b4873,8a7a156accef16f4bfbdd6b1ce72d142,5.50852E+11,43.07537,-89.481835,Madison,WI,urban,Madison Metropolitan Sch Dist,Dane,f,f,Ms.,Literacy,Literacy & Language,,,Books,high poverty,Grades 3-5,466.46,18,t,7/25/13,11/13/13
00961903b5146ef417a2d9339acbef9d,189364b85d9137299af00d76e96cf109,7963f2d0336f59ebbe0ae8fc0d11f9eb,64200007533,34.062515,-117.959595,West Covina,CA,suburban,West Covina Unif Sch District,Los Angeles,t,f,Ms.,Mathematics,Math & Science,Literacy,Literacy & Language,Technology,high poverty,Grades PreK-2,597.79,22,f,8/13/13,9/5/13
00978835402f0e0d32aca88e49f0ee35,9579184aadfef056d7387f35ad1b755e,70e6476b8c67f746eefa49f64cfc3e4d,1.70993E+11,41.715514,-87.533034,Chicago,IL,urban,Far Southside K-12 Network,Cook,f,t,Ms.,Environmental Science,Math & Science,Special Needs,Special Needs,Other,highest poverty,Grades 6-8,556.59,141,f,10/12/12,11/15/12
0097aede01445d5215bcc84f96b7f301,d2d9ab0fca2b99c87697bcbebc1f09ca,9a9a3614bc3fb614d4ed51d1d8f5c12e,4.65982E+11,44.082368,-103.230703,Rapid City,SD,urban,Rapid City Area Sch Dist 51-4,Pennington,f,f,Ms.,Literacy,Literacy & Language,ESL,Literacy & Language,Books,high poverty,Grades 9-12,463.16,200,t,9/26/12,10/11/12
00982d4f1de4bfbcbbd20d0fbda0d74c,57c0b75953403afa90eb1a55ebbe516b,3194f69a86c534dfac799aad1fa1755c,,30.382962,-84.22619,Tallahassee,FL,,Florida Dept of Education,Leon,f,f,Ms.,Health & Life Science,Math & Science,Mathematics,Math & Science,Supplies,moderate poverty,Grades PreK-2,194.01,90,f,1/9/12,3/2/12
00993daccbc38130a39af87da51b2683,0b8ae6be26b1e1ec8154c15a4f65eb35,3f17565a4ce58191c60b5f3771b8269b,62271002939,34.066469,-118.256669,Los Angeles,CA,urban,Los Angeles Unif Sch Dist,Los Angeles,f,t,Mr.,Other,Applied Learning,,,Technology,high poverty,Grades 9-12,575.89,8,f,5/10/12,6/5/12
009996fb04303dd07f824ea61efa8a7c,e45a0993a08e8b75f2ce5e8f39024840,dd188f26e695859c722984b73e64bf3d,62271003391,34.268177,-118.431892,Pacoima,CA,urban,Los Angeles Unif Sch Dist,Los Angeles,f,f,Mrs.,Literacy,Literacy & Language,Mathematics,Math & Science,Supplies,highest poverty,Grades PreK-2,228.06,23,t,11/26/12,1/5/13
009a9359ff3753935db62a3f9c5b7919,e90cec4df3f5a2945e424e638a4c541e,5d66faa085bfe43529ad9761e79aa5cc,3.01167E+11,48.321546,-105.579753,Wolf Point,MT,rural,Frontier School District 3,Roosevelt,f,f,Mrs.,Visual Arts,Music & The Arts,Early Development,Applied Learning,Supplies,high poverty,Grades PreK-2,293.61,24,f,10/29/12,12/1/12
009abf6c53e6e50f4c81123ccce9d0f3,6bb3a1b161627b24dc97af7cb3440ad9,0ee52ad1a558be8ccb37a0a59c82620d,,39.177303,-84.48111,Cincinnati,OH,urban,[County run],Hamilton,t,f,Mr.,Gym & Fitness,Health & Sports,Sports,Health & Sports,Supplies,high poverty,Grades PreK-2,793.46,180,t,1/8/12,4/13/12
009b483e1b1dddccc98cb3b76c764729,efe94b9ff864b1a468674c0056824bbb,d3c461eb8e6bc20c116586eb39ed93d8,62271002919,34.03223,-118.353571,Los Angeles,CA,urban,Los Angeles Unif Sch Dist,Los Angeles,f,f,Ms.,Literacy,Literacy & Language,,,Other,highest poverty,Grades PreK-2,645.82,25,t,8/28/13,9/30/13
009bf18f44fcc5aaed01f583e492b1c8,04cc32424ca31158f07737aff863f268,fdc89aa289e41f96a922f9c0bc3e35e8,4.03024E+11,36.224086,-95.962421,Tulsa,OK,urban,Tulsa Independent Sch Dist,Tulsa,f,f,Mrs.,Literacy,Literacy & Language,History & Geography,History & Civics,Books,highest poverty,Grades 3-5,373.28,50,t,8/13/13,10/17/13
009c3fe88359b682680ae55c48e28e01,38ed1d40ea9fc11f6ee92369edc1152f,6d4297e60c9f0cd8136d183f75ee18c7,4.80894E+11,30.313313,-97.657953,Austin,TX,urban,Austin Ind School District,Travis,f,t,Mr.,Foreign Languages,Literacy & Language,Literature & Writing,Literacy & Language,Technology,highest poverty,Grades 9-12,5463.95,300,f,12/16/12,1/30/13
009c80006c4a7b93c17c7e7e43d67b28,72de4b708f7e5a02b48b42588ed7483f,c347b68aeaac77dfab889524747cb704,3.30498E+11,42.774991,-71.482573,Nashua,NH,urban,School Administrative Unit 42,Hillsborough,f,f,Mrs.,Mathematics,Math & Science,Literature & Writing,Literacy & Language,Technology,moderate poverty,Grades 3-5,707.35,25,t,9/18/12,10/19/12
009d33f3af08642c63d3d646897ca160,2c5c636305c002c35ea073ebe013f245,fa66fb61a8442f35799dacaf842f4af4,2.30005E+11,44.188193,-69.101113,Rockport,ME,rural,Five Towns Cmty School Dist,Knox,f,f,Mr.,Applied Sciences,Math & Science,Mathematics,Math & Science,Technology,moderate poverty,Grades 9-12,2570.59,20,f,11/16/13,2/13/14
009d822190546c2741316791c0ec93b1,54073e92d09c96a3f36f90aad1ec6654,5fa05adaee5142d04cb19101f1adc591,4.8183E+11,31.876031,-106.560609,El Paso,TX,urban,El Paso Ind School District,El Paso,f,f,Mrs.,Literacy,Literacy & Language,Special Needs,Special Needs,Other,high poverty,Grades PreK-2,474.73,105,f,11/13/13,12/29/13
009f21df65c16fef1c9f2149fed11695,5d40107d8ef9e5351f7f065bf5bf91f6,b731082685fd77f4e90c7a1e5a416972,80480001447,39.572517,-105.090164,Littleton,CO,suburban,Jefferson Co School Dist R-1,Jefferson,f,f,Mr.,Literature & Writing,Literacy & Language,Mathematics,Math & Science,Technology,moderate poverty,Grades 3-5,3805.45,28,f,12/15/12,12/29/12
009f9789dff07a918f265105bd952996,953b9a53b45547077f2743a539648bc7,08b4c763592325a2f4f04c98d8f7187e,3.60015E+11,40.634262,-73.926559,Brooklyn,NY,urban,New York City Dept Of Ed,Kings (Brooklyn),f,f,Mrs.,Music,Music & The Arts,Gym & Fitness,Health & Sports,Supplies,highest poverty,Grades PreK-2,374.04,999,f,9/23/12,10/25/12
009fcf4e0eec2949bcf0304197678c59,8d606930d74e8cdd6c5890ff551acbac,15c4ed80d2082fbfe68c654145e9a983,4.21899E+11,40.058129,-75.059284,Philadelphia,PA,urban,Philadelphia City School Dist,Philadelphia,f,f,Mrs.,Literacy,Literacy & Language,,,Books,highest poverty,Grades PreK-2,362.34,34,t,2/28/12,3/19/12
00a0c0fd19bb008c383a632738aeff08,cde5b3fc680c42a85e984ae8c48af08d,0bca3108bdbb222d829112a4ac713536,4.50228E+11,33.400228,-79.287151,Georgetown,SC,,Georgetown Co School District,Georgetown,f,f,Mrs.,Literacy,Literacy & Language,Mathematics,Math & Science,Technology,high poverty,Grades 3-5,551.28,19,f,10/9/12,12/2/12
00a13cf6d56290eed1464cd0b34410d6,ab9e4fe15f7154d8641660a59634fdbd,5a1c7836f9f1146bdac08156f1680231,63441005639,37.758019,-122.489452,San Francisco,CA,urban,San Francisco Unified Sch Dist,San Francisco,f,f,Ms.,Literacy,Literacy & Language,Literature & Writing,Literacy & Language,Supplies,high poverty,Grades PreK-2,424.52,66,f,5/23/13,6/15/13
00a1d11db9478ad2cb49d2832e8e221f,c75c9644232962fc363fa79cb5e97e35,200e25f529ad04d134cf5b4a5974114a,,34.556561,-93.637063,Mount Ida,AR,,Mount Ida School District 20,Montgomery,f,f,Mrs.,Mathematics,Math & Science,,,Supplies,highest poverty,Grades 6-8,646.72,100,f,10/7/12,10/22/12
00a30772209587aba72de2d638062609,53ff182842d61511c016da9300bef0e2,e80d71b6ac0f218288db26683c39827e,,33.990429,-118.273064,Los Angeles,CA,urban,Los Angeles Unif Sch Dist,Los Angeles,f,f,Ms.,Literacy,Literacy & Language,,,Technology,high poverty,Grades PreK-2,1096.66,25,f,4/8/12,4/30/12
00a387a76af3e97944c3979e772dc42a,1b86075be85fd15ccefaa0e59e0d5241,8b362264c60f23c03a132d72f9810481,3.41056E+11,40.853885,-74.201173,Montclair,NJ,,Montclair School District,Essex,f,t,Mrs.,Mathematics,Math & Science,,,Supplies,moderate poverty,Grades 3-5,489.72,70,f,10/30/13,11/9/13
00a3a364bbd6eb086efbd85133fba6c2,91de34fe9681b59d498a57a58cfe9eaa,46f95d43009aa59a319f81b07e573e74,4.82985E+11,33.198306,-96.730307,Mckinney,TX,rural,Mckinney Ind School Dist,Collin,f,f,Mrs.,Literature & Writing,Literacy & Language,,,Technology,low poverty,Grades PreK-2,765.85,20,f,4/22/12,5/12/12
00a441af383aa1c45d78ec97efef1622,69042aba6ccca1c4c75f1c5828a64873,fbdb5e3fe40f4fadbd042f1959cb15a2,2.715E+11,48.591763,-93.424175,Intl Falls,MN,,International Falls Ind SD 361,Koochiching,f,f,Ms.,Mathematics,Math & Science,Literacy,Literacy & Language,Technology,high poverty,Grades 3-5,681.41,27,f,4/12/13,5/20/13
00a523f148f3aeb9e6ea9dc02c277881,1544c592b7b880d618fde25e6ad12b58,6f892ed2f1568528eb53a9be4049ec30,2.50272E+11,42.028903,-71.544235,Blackstone,MA,suburban,Blackstone-Millville Reg Sd,Worcester,f,f,Mrs.,Special Needs,Special Needs,Literature & Writing,Literacy & Language,Technology,moderate poverty,Grades PreK-2,771.74,12,f,6/27/12,7/21/12
00a584ceaaa8ee70db7606fac08a9b7e,7b29c2d262bb27ab7df858dfdcf07c76,9a8bad378ec84a73c969bdffd5a771df,2.10115E+11,36.842669,-87.496793,Hopkinsville,KY,,Christian County Pub Sch Dist,Christian,f,f,Mrs.,Mathematics,Math & Science,,,Supplies,highest poverty,Grades PreK-2,461.54,24,f,9/30/13,11/25/13
00a62bdec063adc8f6f9c59abbee8e44,fea6521d8ebb0e20dd94c1b5c4bcb510,827cb602658999fc445b2fcaa40a946c,4.9006E+11,40.655954,-111.887494,Murray,UT,suburban,Murray City School District,Salt Lake,f,f,Mr.,Mathematics,Math & Science,Applied Sciences,Math & Science,Technology,moderate poverty,Grades 6-8,539.61,200,f,4/21/12,5/9/12
00a644643a180f2bcfd146831b9ffeb8,6878abeaeaeef729ab6645d892f4370a,188e5c8e8b68c51dd1524cdf5ac8315b,,33.720609,-117.975726,Huntingtn Bch,CA,suburban,Ocean View School District-Orange,Orange,f,f,Mrs.,Special Needs,Special Needs,,,Supplies,moderate poverty,Grades PreK-2,321.88,70,f,4/2/13,5/26/13
00a6c57444f98d05b462573a0f8e4fd6,ffe9fd804803c24f993b4d89be2aa437,1b3e7abe061ce587d73bb9f35c17c9db,61932002325,38.975028,-122.831505,Kelseyville,CA,,Kelseyville Unif School Dist,Lake,f,f,Mr.,Applied Sciences,Math & Science,Visual Arts,Music & The Arts,Technology,highest poverty,Grades 9-12,2668.24,96,t,11/14/13,12/23/13
00a84bf67127ea56fd689dc6aebaa68d,2c69515cf881a4731c57b9560b1cb609,6f854eb95bdfaa852dcba94451120301,2.50336E+11,41.890873,-70.774834,Carver,MA,suburban,Carver School District,Plymouth,f,f,Mrs.,Literature & Writing,Literacy & Language,Literacy,Literacy & Language,Books,moderate poverty,Grades 3-5,475.81,23,f,9/26/12,10/8/12
00a88eae22783ce260c6d04f805be81e,3ddda062fbf8ee2e90053a7e41fbbbd5,c78091348e290ac48bce33962e53fe6b,2.50279E+11,42.320144,-71.059569,Dorchester,MA,urban,Boston Public School District,Suffolk,f,f,Ms.,Early Development,Applied Learning,Mathematics,Math & Science,Supplies,highest poverty,Grades PreK-2,433.07,22,f,9/2/12,10/28/12
00a915e9f2fdf3d61089a8f37baf7f9c,faa2825b1bd29f77bdacc3d720d386e6,6b81ec651cba7754b1f0007f841d4e82,4.02691E+11,35.998879,-96.098659,Sapulpa,OK,suburban,Sapulpa School District I-33,Creek,f,f,Mr.,Applied Sciences,Math & Science,,,Supplies,highest poverty,Grades 9-12,418.44,92,f,12/24/12,3/25/13
00a95258b04d2b9f34afbcada94fa7eb,bf681ed6cd7c94915ec26f64b482e072,2f17e369bd7fa416c68b200c67efa22a,5.30771E+11,47.545928,-122.267904,Seattle,WA,urban,Seattle School District 1,King,f,f,Mrs.,Mathematics,Math & Science,,,Other,high poverty,Grades 3-5,374.85,25,t,10/7/12,11/20/12
00ab24f5c31275dd8b7200548d3d32b3,0bd70a4f3ae73c1548a6e6302a72a47c,e3156e8746dcf227fb9aea2686f52419,1.70993E+11,41.862602,-87.659437,Chicago,IL,urban,Chicago Psd-Area 52/53,Cook,t,f,Ms.,Literature & Writing,Literacy & Language,,,Supplies,highest poverty,Grades 9-12,611.92,120,t,1/27/13,3/19/13
00ab972afcabde8c5a1810ef410ae4c9,8c21c5afd29a837f417c3421d0193073,52c6ddd9e6ea8cc23cf1bb4355442245,,33.990294,-118.226159,Huntington Pk,CA,suburban,Los Angeles Unif Sch Dist,Los Angeles,t,f,Mrs.,Health & Life Science,Math & Science,,,Supplies,high poverty,Grades 9-12,389.26,55,t,9/10/12,10/17/12
00ad03ab43039ad1a0a81d6e6e8a1140,b7ec48f18c319ef8ba6fb334017b26b1,774765554d75ec5d0f5657fd52a645d1,2.40009E+11,39.2757,-76.538948,Baltimore,MD,urban,Baltimore City Public Sch Dist,Baltimore City,f,f,Ms.,Mathematics,Math & Science,,,Supplies,highest poverty,Grades PreK-2,386.65,25,f,10/9/13,11/20/13
00ae0506ac8588e8dccb69a49ea7dbe3,3ef2eccf6b73c4de41aac86dbdfed424,af0e2028a381fd0e17d31bff4e77b110,1.2015E+11,26.616474,-80.065341,Lake Worth,FL,suburban,Palm Beach Co School District,Palm Beach,f,t,Mrs.,Literacy,Literacy & Language,,,Books,highest poverty,Grades 9-12,241.58,125,t,4/30/13,6/18/13
00aeb062858cb1722f82a562d9fad315,e6879e37ead407391645607556ef3567,6aa00c1e38f85effdb2bb3237512ff18,62271003422,34.168915,-118.45092,Sherman Oaks,CA,urban,Los Angeles Unif Sch Dist,Los Angeles,f,t,Mrs.,Mathematics,Math & Science,Applied Sciences,Math & Science,Other,highest poverty,Grades 6-8,606.47,125,t,2/1/12,5/7/12
00af3dcf795159ffc69c136d5d403947,a9d47cec3f46f109da5a1d1cb5a79573,21765a4155ddd1b017d146bee1674fba,2.72814E+11,45.378753,-94.715867,Paynesville,MN,rural,Paynesville Ind Sch Dist 741,Stearns,f,f,Mr.,Applied Sciences,Math & Science,Literature & Writing,Literacy & Language,Supplies,high poverty,Grades 3-5,490.21,26,f,12/21/12,2/2/13
00af88c5139aa99111c2a8f4f67e5b30,231ffe8888e766787c7e6dc99dd9610c,c71a936736762ea799f5becf9840a1e1,62271003221,33.948261,-118.28112,Los Angeles,CA,urban,Los Angeles Unif Sch Dist,Los Angeles,f,f,Ms.,Literature & Writing,Literacy & Language,Social Sciences,History & Civics,Technology,high poverty,Grades 3-5,1031.58,32,f,1/23/12,3/15/12
00afc026517e658827eaa7e813650cdd,17e73ccac0d772834825326a21b42948,4bc3b7f43a1ef47b22676178d35b7faf,4.82142E+11,32.737862,-97.007141,Grand Prairie,TX,suburban,Grand Prairie Ind Sch District,Dallas,f,f,Mrs.,Literacy,Literacy & Language,Mathematics,Math & Science,Supplies,highest poverty,Grades PreK-2,209.39,22,f,5/8/13,5/17/13
00b04bf6a8d46156d79646f267f5151c,fb1df3e59518186b71f30392498c0e18,da6548bf20b2b5130eafba0cde9c1c61,4.50363E+11,34.906583,-81.924458,Spartanburg,SC,urban,Spartanburg School District 6,Spartanburg,f,f,Mrs.,Visual Arts,Music & The Arts,Early Development,Applied Learning,Other,high poverty,Grades PreK-2,251.12,23,t,9/14/12,10/9/12
00b064fb040f4793f93a2a70092b15f9,581f539aba2a988e6a41c89fc2c8229e,8b2f38ac90cce8ead6d05fb75ab61059,5.6017E+11,41.209304,-106.792378,Encampment,WY,rural,Carbon Co School District 2,Carbon,f,f,Mrs.,Literacy,Literacy & Language,,,Other,high poverty,Grades PreK-2,585.76,8,f,10/14/12,11/23/12
